"Country","GTFCC_Target_Country","Continent","WHO_Region","Subregion","Year","Total_Cases","Autochtonous_Cases","Imported_Cases","Deaths","CFR","Incidence_Rate_perMillion"
"Afghanistan","Yes","Asia","EMRO","South Asia",2023,222249,222249,0,101,0.1,5842
"Australia","No","Oceania","WPRO","East Asia and Pacific",2023,3,0,3,0,0,0
"Bahrain","No","Asia","EMRO","Middle East and North Africa",2023,1,0,1,0,0,0
"Bangladesh","Yes","Asia","SEARO","South Asia",2023,23369,23369,0,0,0,143
"Benin","Yes","Africa","AFRO","West and Central Africa",2023,28,28,0,0,0,2
"Burundi","Yes","Africa","AFRO","Eastern and Southern Africa",2023,1394,1388,6,9,0.7,120
"Cameroon","Yes","Africa","AFRO","West and Central Africa",2023,6470,6470,0,209,3.2,250
"China","No","Asia","WPRO","East Asia and Pacific",2023,29,27,2,0,0,0
"Congo","Yes","Africa","AFRO","West and Central Africa",2023,21,21,0,5,23.8,4
"Dem Rep Congo","Yes","Africa","AFRO","West and Central Africa",2023,52654,52654,0,473,0.9,607
"Dominican Republic","Yes","Americas","PAHO","Americas and Caribbean",2023,310,309,1,1,0.3,29
"Eswatini","No","Africa","AFRO","Eastern and Southern Africa",2023,2,1,1,0,0,1
"Ethiopia","Yes","Africa","AFRO","Eastern and Southern Africa",2023,30389,30389,0,446,1.5,271
"France","No","Europe","EURO","Western Europe",2023,2,0,2,0,0,0
"Germany","No","Europe","EURO","Western Europe",2023,9,0,9,0,0,0
"Haiti","Yes","Americas","PAHO","Americas and Caribbean",2023,54767,54767,0,711,1.3,4863
"India","Yes","Asia","SEARO","South Asia",2023,649,649,0,0,0,0
"Iran","Yes","Asia","EMRO","Middle East and North Africa",2023,79,53,26,1,1.3,1
"Iraq","Yes","Asia","EMRO","Middle East and North Africa",2023,1337,1337,0,7,0.5,34
"Japan","No","Asia","WPRO","East Asia and Pacific",2023,2,0,2,0,0,0
"Kenya","Yes","Africa","AFRO","Eastern and Southern Africa",2023,8809,8809,0,141,1.6,168
"Lebanon","No","Asia","EMRO","Middle East and North Africa",2023,2406,2406,0,0,0,351
"Liberia","Yes","Africa","AFRO","West and Central Africa",2023,925,925,0,0,0,187
"Malawi","Yes","Africa","AFRO","Eastern and Southern Africa",2023,32530,32106,424,817,2.5,1723
"Malaysia","Yes","Asia","WPRO","East Asia and Pacific",2023,48,48,0,0,0,2
"Mozambique","Yes","Africa","AFRO","Eastern and Southern Africa",2023,39101,39101,0,156,0.4,1288
"Nepal","Yes","Asia","SEARO","South Asia",2023,7,6,1,0,0,0
"New Zealand","No","Oceania","WPRO","East Asia and Pacific",2023,1,0,1,0,0,0
"Nigeria","Yes","Africa","AFRO","West and Central Africa",2023,3457,3457,0,109,3.2,17
"Pakistan","Yes","Asia","EMRO","South Asia",2023,200,200,0,0,0,1
"Philippines","Yes","Asia","WPRO","East Asia and Pacific",2023,3982,3982,0,19,0.5,37
"Qatar","No","Asia","EMRO","Middle East and North Africa",2023,3,0,3,0,0,0
"Rwanda","No","Africa","AFRO","Eastern and Southern Africa",2023,207,207,0,1,0.5,16
"Saudi Arabia","No","Asia","EMRO","Middle East and North Africa",2023,1,0,1,0,0,0
"Somalia","Yes","Africa","EMRO","Eastern and Southern Africa",2023,18304,18304,0,46,0.3,1185
"South Africa","No","Africa","AFRO","Eastern and Southern Africa",2023,1478,1478,0,47,3.2,25
"South Sudan","Yes","Africa","AFRO","Eastern and Southern Africa",2023,1471,1471,0,2,0.1,133
"Sudan","Yes","Africa","EMRO","Middle East and North Africa",2023,8895,8895,0,246,2.8,208
"Sweden","No","Europe","EURO","Western Europe",2023,3,0,3,0,0,0
"Tanzania","Yes","Africa","AFRO","Eastern and Southern Africa",2023,1040,1040,0,20,1.9,18
"Thailand","Yes","Asia","SEARO","East Asia and Pacific",2023,6,6,0,0,0,0
"Togo","Yes","Africa","AFRO","West and Central Africa",2023,3,3,0,0,0,0
"Turks and Caicos Islands","No","Americas","PAHO","Americas and Caribbean",2023,1,0,1,0,0,0
"Zambia","Yes","Africa","AFRO","Eastern and Southern Africa",2023,4531,4531,0,132,2.9,254
"Zimbabwe","Yes","Africa","AFRO","Eastern and Southern Africa",2023,14148,14085,63,308,2.2,962
"Afghanistan","Yes","Asia","EMRO","South Asia",2022,281485,281479,6,100,0,7399
"Australia","No","Oceania","WPRO","East Asia and Pacific",2022,3,1,2,0,0,0
"Austria","No","Europe","EURO","Western Europe",2022,1,0,1,0,0,0
"Bahrain","No","Asia","EMRO","Middle East and North Africa",2022,1,0,1,0,0,0
"Bangladesh","Yes","Asia","SEARO","South Asia",2022,1191,1191,0,0,0,7
"Benin","Yes","Africa","AFRO","West and Central Africa",2022,433,433,0,2,0.5,37
"Burkina Faso","Yes","Africa","AFRO","West and Central Africa",2022,4,4,0,0,0,0
"Burundi","Yes","Africa","AFRO","Eastern and Southern Africa",2022,25,25,0,0,0,2
"Cambodia","No","Asia","WPRO","East Asia and Pacific",2022,20,20,0,0,0,1
"Cameroon","Yes","Africa","AFRO","West and Central Africa",2022,14431,14416,15,279,1.9,557
"China","No","Asia","WPRO","East Asia and Pacific",2022,31,31,0,0,0,0
"Dem Rep Congo","Yes","Africa","AFRO","West and Central Africa",2022,18961,18961,0,298,1.6,218
"Ethiopia","Yes","Africa","AFRO","Eastern and Southern Africa",2022,846,846,0,27,3.2,8
"France","No","Europe","EURO","Western Europe",2022,7,4,3,0,0,0
"Germany","No","Europe","EURO","Western Europe",2022,6,0,6,0,0,0
"Greece","No","Europe","EURO","Western Europe",2022,1,0,1,0,0,0
"India","Yes","Asia","SEARO","South Asia",2022,601,601,0,0,0,0
"Iraq","Yes","Asia","EMRO","Middle East and North Africa",2022,3708,3708,0,25,0.7,94
"Italy","No","Europe","EURO","Western Europe",2022,1,0,1,0,0,0
"Kenya","Yes","Africa","AFRO","Eastern and Southern Africa",2022,3525,3525,0,64,1.8,67
"Kuwait","No","Asia","EMRO","Middle East and North Africa",2022,1,0,1,0,0,0
"Lebanon","No","Asia","EMRO","Middle East and North Africa",2022,5715,5711,4,23,0.4,833
"Liberia","Yes","Africa","AFRO","West and Central Africa",2022,367,367,0,0,0,74
"Malawi","Yes","Africa","AFRO","Eastern and Southern Africa",2022,17488,17302,186,576,3.3,929
"Mozambique","Yes","Africa","AFRO","Eastern and Southern Africa",2022,4378,4378,0,22,0.5,144
"Nepal","Yes","Asia","SEARO","South Asia",2022,77,77,0,0,0,3
"Netherlands","No","Europe","EURO","Western Europe",2022,2,0,2,0,0,0
"New Zealand","No","Oceania","WPRO","East Asia and Pacific",2022,1,0,1,0,0,0
"Nigeria","Yes","Africa","AFRO","West and Central Africa",2022,23839,23839,0,597,2.5,119
"Norway","No","Europe","EURO","Western Europe",2022,3,0,3,0,0,0
"Pakistan","Yes","Asia","EMRO","South Asia",2022,1006,1006,0,43,4.3,5
"Philippines","Yes","Asia","WPRO","East Asia and Pacific",2022,8098,8098,0,100,1.2,75
"Rwanda","No","Africa","AFRO","Eastern and Southern Africa",2022,24,24,0,0,0,2
"Singapore","No","Asia","WPRO","East Asia and Pacific",2022,7,0,7,0,0,0
"Somalia","Yes","Africa","EMRO","Eastern and Southern Africa",2022,15653,15653,0,88,0.6,1014
"South Africa","No","Africa","AFRO","Eastern and Southern Africa",2022,1,1,0,0,0,0
"South Sudan","Yes","Africa","AFRO","Eastern and Southern Africa",2022,424,424,0,1,0.2,38
"Sweden","No","Europe","EURO","Western Europe",2022,7,0,7,0,0,0
"Syrian Arab Republic","No","Asia","EMRO","Middle East and North Africa",2022,70222,70222,0,102,0.2,4013
"Thailand","Yes","Asia","SEARO","East Asia and Pacific",2022,5,5,0,1,20,0
"United Arab Emirates","No","Asia","EMRO","Middle East and North Africa",2022,37,0,37,0,0,0
"United Kingdom","No","Europe","EURO","Western Europe",2022,23,0,23,0,0,0
"Zambia","Yes","Africa","AFRO","Eastern and Southern Africa",2022,34,34,0,0,0,2
"Zimbabwe","Yes","Africa","AFRO","Eastern and Southern Africa",2022,4,3,1,1,25,0
"Afghanistan","Yes","Asia","EMRO","South Asia",2021,4755,4755,0,0,0,125
"Australia","No","Oceania","WPRO","East Asia and Pacific",2021,1,0,1,0,0,0
"Bahrain","No","Asia","EMRO","Middle East and North Africa",2021,2,0,2,0,0,1
"Bangladesh","Yes","Asia","SEARO","South Asia",2021,477,477,0,0,0,3
"Benin","Yes","Africa","AFRO","West and Central Africa",2021,1298,1298,0,23,1.8,110
"Burkina Faso","Yes","Africa","AFRO","West and Central Africa",2021,3,1,2,0,0,0
"Burundi","Yes","Africa","AFRO","Eastern and Southern Africa",2021,11,11,0,0,0,1
"Cambodia","No","Asia","WPRO","East Asia and Pacific",2021,26,26,0,0,0,2
"Cameroon","Yes","Africa","AFRO","West and Central Africa",2021,728,728,0,23,3.2,28
"China","No","Asia","WPRO","East Asia and Pacific",2021,5,5,0,0,0,0
"Cote d'Ivoire","Yes","Africa","AFRO","West and Central Africa",2021,12,0,12,0,0,0
"Dem Rep Congo","Yes","Africa","AFRO","West and Central Africa",2021,12103,12103,0,209,1.7,139
"Ethiopia","Yes","Africa","AFRO","Eastern and Southern Africa",2021,674,674,0,7,1,6
"Ghana","Yes","Africa","AFRO","West and Central Africa",2021,2,2,0,0,0,0
"Kenya","Yes","Africa","AFRO","Eastern and Southern Africa",2021,38,38,0,0,0,1
"Liberia","Yes","Africa","AFRO","West and Central Africa",2021,167,167,0,0,0,34
"Malawi","Yes","Africa","AFRO","Eastern and Southern Africa",2021,2,2,0,0,0,0
"Malaysia","Yes","Asia","WPRO","East Asia and Pacific",2021,64,63,1,0,0,2
"Mali","Yes","Africa","AFRO","West and Central Africa",2021,12,12,0,4,33.3,1
"Mozambique","Yes","Africa","AFRO","Eastern and Southern Africa",2021,5072,5072,0,21,0.4,167
"Nepal","Yes","Asia","SEARO","South Asia",2021,1609,1607,2,7,0.4,56
"Niger","Yes","Africa","AFRO","West and Central Africa",2021,5591,5188,403,166,3,240
"Nigeria","Yes","Africa","AFRO","West and Central Africa",2021,111062,111062,0,3604,3.2,553
"Oman","No","Asia","EMRO","Middle East and North Africa",2021,5,0,5,0,0,1
"Pakistan","Yes","Asia","EMRO","South Asia",2021,21,21,0,0,0,0
"Philippines","Yes","Asia","WPRO","East Asia and Pacific",2021,2019,2019,0,13,0.6,19
"Rwanda","No","Africa","AFRO","Eastern and Southern Africa",2021,74,74,0,0,0,6
"Somalia","Yes","Africa","EMRO","Eastern and Southern Africa",2021,4342,4342,0,32,0.7,281
"Sudan","Yes","Africa","EMRO","Middle East and North Africa",2021,9,9,0,0,0,0
"Tanzania","Yes","Africa","AFRO","Eastern and Southern Africa",2021,54,54,0,0,0,1
"Thailand","Yes","Asia","SEARO","East Asia and Pacific",2021,1,1,0,0,0,0
"Togo","Yes","Africa","AFRO","West and Central Africa",2021,40,40,0,5,12.5,5
"Uganda","Yes","Africa","AFRO","Eastern and Southern Africa",2021,173,173,0,0,0,4
"United Arab Emirates","No","Asia","EMRO","Middle East and North Africa",2021,153,0,153,0,0,16
"Yemen","Yes","Asia","EMRO","Middle East and North Africa",2021,72765,72765,0,45,0.1,2495
"Bangladesh","Yes","Asia","SEARO","South Asia",2020,212,212,0,0,0,1
"Benin","Yes","Africa","AFRO","West and Central Africa",2020,232,232,0,6,2.6,20
"Burundi","Yes","Africa","AFRO","Eastern and Southern Africa",2020,277,277,0,5,1.8,24
"Cambodia","No","Asia","WPRO","East Asia and Pacific",2020,48,48,0,0,0,3
"Cameroon","Yes","Africa","AFRO","West and Central Africa",2020,1890,1890,0,73,3.9,73
"Canada","No","Americas","PAHO","North Americas",2020,2,0,2,0,0,0
"China","No","Asia","WPRO","East Asia and Pacific",2020,12,12,0,0,0,0
"Dem Rep Congo","Yes","Africa","AFRO","West and Central Africa",2020,19789,19789,0,354,1.8,228
"Ethiopia","Yes","Africa","AFRO","Eastern and Southern Africa",2020,12226,12226,0,176,1.4,109
"India","Yes","Asia","SEARO","South Asia",2020,70,70,0,0,0,0
"Iran","Yes","Asia","EMRO","Middle East and North Africa",2020,1,1,0,0,0,0
"Iraq","Yes","Asia","EMRO","Middle East and North Africa",2020,9,9,0,0,0,0
"Japan","No","Asia","WPRO","East Asia and Pacific",2020,1,1,0,0,0,0
"Kenya","Yes","Africa","AFRO","Eastern and Southern Africa",2020,447,447,0,12,2.7,9
"Malawi","Yes","Africa","AFRO","Eastern and Southern Africa",2020,3,3,0,0,0,0
"Mozambique","Yes","Africa","AFRO","Eastern and Southern Africa",2020,3787,3787,0,4,0.1,125
"Netherlands","No","Europe","EURO","Western Europe",2020,2,0,2,0,0,0
"Nigeria","Yes","Africa","AFRO","West and Central Africa",2020,596,596,0,47,7.9,3
"Pakistan","Yes","Asia","EMRO","South Asia",2020,21,21,0,0,0,0
"Philippines","Yes","Asia","WPRO","East Asia and Pacific",2020,3,3,0,0,0,0
"Somalia","Yes","Africa","EMRO","Eastern and Southern Africa",2020,6414,6414,0,44,0.7,415
"Sudan","Yes","Africa","EMRO","Middle East and North Africa",2020,7,7,0,0,0,0
"Thailand","Yes","Asia","SEARO","East Asia and Pacific",2020,7,7,0,1,14.3,0
"Togo","Yes","Africa","AFRO","West and Central Africa",2020,67,67,0,2,3,8
"Uganda","Yes","Africa","AFRO","Eastern and Southern Africa",2020,1521,1521,0,18,1.2,34
"United Arab Emirates","No","Asia","EMRO","Middle East and North Africa",2020,13,0,13,0,0,0
"Yemen","Yes","Asia","EMRO","Middle East and North Africa",2020,275712,275712,0,115,0,9455
"Afghanistan","Yes","Asia","EMRO","South Asia",2019,2,2,0,0,0,0
"Australia","No","Oceania","WPRO","East Asia and Pacific",2019,2,0,2,0,0,0
"Bangladesh","Yes","Asia","SEARO","South Asia",2019,503,503,0,0,0,3
"Benin","Yes","Africa","AFRO","West and Central Africa",2019,50,50,0,0,0,4
"Burundi","Yes","Africa","AFRO","Eastern and Southern Africa",2019,1145,1145,0,9,0.8,99
"Cameroon","Yes","Africa","AFRO","West and Central Africa",2019,1840,1840,0,93,5.1,71
"Chad","Yes","Africa","AFRO","West and Central Africa",2019,93,93,0,4,4.3,6
"China","No","Asia","WPRO","East Asia and Pacific",2019,16,15,1,0,0,0
"Dem Rep Congo","Yes","Africa","AFRO","West and Central Africa",2019,30304,30304,0,514,1.7,349
"Dominican Republic","Yes","Americas","PAHO","Americas and Caribbean",2019,13,13,0,0,0,1
"Ethiopia","Yes","Africa","AFRO","Eastern and Southern Africa",2019,2615,2615,0,36,1.4,23
"Ghana","Yes","Africa","AFRO","West and Central Africa",2019,1,1,0,0,0,0
"Haiti","Yes","Americas","PAHO","Americas and Caribbean",2019,720,720,0,3,0.4,64
"Iran","Yes","Asia","EMRO","Middle East and North Africa",2019,2,2,0,0,0,0
"Japan","No","Asia","WPRO","East Asia and Pacific",2019,5,0,5,0,0,0
"Kenya","Yes","Africa","AFRO","Eastern and Southern Africa",2019,5208,5208,0,141,2.7,99
"Korea (Rep of)","No","Asia","WPRO","East Asia and Pacific",2019,1,0,1,0,0,0
"Malawi","Yes","Africa","AFRO","Eastern and Southern Africa",2019,23,23,0,0,0,1
"Malaysia","Yes","Asia","WPRO","East Asia and Pacific",2019,81,81,0,2,2.5,3
"Mozambique","Yes","Africa","AFRO","Eastern and Southern Africa",2019,7010,7010,0,0,0,231
"Nepal","Yes","Asia","SEARO","South Asia",2019,1,1,0,0,0,0
"Nigeria","Yes","Africa","AFRO","West and Central Africa",2019,2486,2486,0,43,1.7,12
"Oman","No","Asia","EMRO","Middle East and North Africa",2019,4,0,4,0,0,0
"Philippines","Yes","Asia","WPRO","East Asia and Pacific",2019,5491,5491,0,8,0.2,51
"Singapore","No","Asia","WPRO","East Asia and Pacific",2019,2,0,2,0,0,0
"Somalia","Yes","Africa","EMRO","Eastern and Southern Africa",2019,3100,3100,0,4,0.1,201
"Sudan","Yes","Africa","EMRO","Middle East and North Africa",2019,346,346,0,11,3.2,8
"Thailand","Yes","Asia","SEARO","East Asia and Pacific",2019,12,12,0,1,8.3,0
"Uganda","Yes","Africa","AFRO","Eastern and Southern Africa",2019,358,358,0,5,1.4,8
"Yemen","Yes","Asia","EMRO","Middle East and North Africa",2019,861096,861096,0,1025,0.1,29528
"Zambia","Yes","Africa","AFRO","Eastern and Southern Africa",2019,447,447,0,9,2,25
"Zimbabwe","Yes","Africa","AFRO","Eastern and Southern Africa",2019,61,61,0,3,4.9,4
"Angola","Yes","Africa","AFRO","Eastern and Southern Africa",2018,1546,1546,0,25,1.6,49
"Bangladesh","Yes","Asia","SEARO","South Asia",2018,566,566,0,0,0,3
"Burundi","Yes","Africa","AFRO","Eastern and Southern Africa",2018,92,92,0,1,1.1,8
"Cameroon","Yes","Africa","AFRO","West and Central Africa",2018,1052,1052,0,58,5.5,41
"Congo","Yes","Africa","AFRO","West and Central Africa",2018,60,60,0,3,5,11
"Dem Rep Congo","Yes","Africa","AFRO","West and Central Africa",2018,30768,30768,0,972,3.2,355
"Dominican Republic","Yes","Americas","PAHO","Americas and Caribbean",2018,118,118,0,1,0.9,11
"Haiti","Yes","Americas","PAHO","Americas and Caribbean",2018,3777,3777,0,41,1.1,335
"India","Yes","Asia","SEARO","South Asia",2018,697,697,0,0,0,1
"Iran","Yes","Asia","EMRO","Middle East and North Africa",2018,7,6,1,0,0,0
"Iraq","Yes","Asia","EMRO","Middle East and North Africa",2018,3,3,0,0,0,0
"Japan","No","Asia","WPRO","East Asia and Pacific",2018,4,3,1,0,0,0
"Kenya","Yes","Africa","AFRO","Eastern and Southern Africa",2018,5719,5719,0,78,1.4,109
"Korea (Rep of)","No","Asia","WPRO","East Asia and Pacific",2018,2,0,2,0,0,0
"Liberia","Yes","Africa","AFRO","West and Central Africa",2018,2,2,0,0,0,0
"Malawi","Yes","Africa","AFRO","Eastern and Southern Africa",2018,812,812,0,27,3.3,44
"Malaysia","Yes","Asia","WPRO","East Asia and Pacific",2018,165,164,1,1,0.6,5
"Mexico","No","Americas","PAHO","Americas and Caribbean",2018,1,1,0,0,0,0
"Mozambique","Yes","Africa","AFRO","Eastern and Southern Africa",2018,910,910,0,0,0,30
"Nepal","Yes","Asia","SEARO","South Asia",2018,7,7,0,0,0,0
"New Zealand","No","Oceania","WPRO","East Asia and Pacific",2018,1,0,1,0,0,0
"Niger","Yes","Africa","AFRO","West and Central Africa",2018,3900,3900,0,78,2,167
"Nigeria","Yes","Africa","AFRO","West and Central Africa",2018,45037,45037,0,836,1.9,224
"Oman","No","Asia","EMRO","Middle East and North Africa",2018,1,0,1,0,0,0
"Philippines","Yes","Asia","WPRO","East Asia and Pacific",2018,2102,2102,0,6,0.3,19
"Singapore","No","Asia","WPRO","East Asia and Pacific",2018,2,0,2,0,0,0
"Somalia","Yes","Africa","EMRO","Eastern and Southern Africa",2018,6761,6761,0,45,0.7,438
"Tanzania","Yes","Africa","AFRO","Eastern and Southern Africa",2018,4777,4777,0,84,1.8,82
"Thailand","Yes","Asia","SEARO","East Asia and Pacific",2018,6,6,0,0,0,0
"Uganda","Yes","Africa","AFRO","Eastern and Southern Africa",2018,4440,4440,0,90,2,100
"USA","No","Americas","PAHO","North Americas",2018,10,2,8,0,0,0
"Yemen","Yes","Asia","EMRO","Middle East and North Africa",2018,371326,371326,0,505,0.1,12733
"Zambia","Yes","Africa","AFRO","Eastern and Southern Africa",2018,4082,4082,0,74,1.8,229
"Zimbabwe","Yes","Africa","AFRO","Eastern and Southern Africa",2018,10692,10692,0,65,0.6,730
"Afghanistan","Yes","Asia","EMRO","South Asia",2017,33,33,0,1,3,1
"Angola","Yes","Africa","AFRO","Eastern and Southern Africa",2017,828,828,0,43,5.2,26
"Australia","No","Oceania","WPRO","East Asia and Pacific",2017,3,0,3,0,0,0
"Benin","Yes","Africa","AFRO","West and Central Africa",2017,11,11,0,0,0,1
"Burundi","Yes","Africa","AFRO","Eastern and Southern Africa",2017,399,399,0,0,0,35
"Canada","No","Americas","PAHO","North Americas",2017,4,1,3,0,0,0
"Chad","Yes","Africa","AFRO","West and Central Africa",2017,1266,1266,0,86,6.8,79
"China","No","Asia","WPRO","East Asia and Pacific",2017,14,14,0,0,0,0
"Dem Rep Congo","Yes","Africa","AFRO","West and Central Africa",2017,56190,56190,0,1190,2.1,647
"Dominican Republic","Yes","Americas","PAHO","Americas and Caribbean",2017,122,122,0,4,3.3,11
"Haiti","Yes","Americas","PAHO","Americas and Caribbean",2017,13681,13681,0,159,1.2,1215
"India","Yes","Asia","SEARO","South Asia",2017,385,385,0,3,0.8,0
"Iran","Yes","Asia","EMRO","Middle East and North Africa",2017,634,9,625,4,0.6,0
"Japan","No","Asia","WPRO","East Asia and Pacific",2017,7,2,5,0,0,0
"Kenya","Yes","Africa","AFRO","Eastern and Southern Africa",2017,4288,4288,0,82,1.9,82
"Korea (Rep of)","No","Asia","WPRO","East Asia and Pacific",2017,5,0,5,0,0,0
"Malawi","Yes","Africa","AFRO","Eastern and Southern Africa",2017,344,344,0,5,1.5,18
"Malaysia","Yes","Asia","WPRO","East Asia and Pacific",2017,2,2,0,0,0,0
"Mozambique","Yes","Africa","AFRO","Eastern and Southern Africa",2017,5892,5892,0,10,0.2,194
"Myanmar","Yes","Asia","SEARO","East Asia and Pacific",2017,1,1,0,0,0,0
"Nepal","Yes","Asia","SEARO","South Asia",2017,7,7,0,0,0,0
"Nigeria","Yes","Africa","AFRO","West and Central Africa",2017,12174,12174,0,288,2.4,61
"Philippines","Yes","Asia","WPRO","East Asia and Pacific",2017,134,134,0,2,1.5,1
"Qatar","No","Asia","EMRO","Middle East and North Africa",2017,5,0,5,0,0,0
"Saudi Arabia","No","Asia","EMRO","Middle East and North Africa",2017,5,0,5,0,0,0
"Singapore","No","Asia","WPRO","East Asia and Pacific",2017,3,0,3,0,0,0
"Somalia","Yes","Africa","EMRO","Eastern and Southern Africa",2017,75414,75414,0,1007,1.3,4883
"South Sudan","Yes","Africa","AFRO","Eastern and Southern Africa",2017,16088,16088,0,353,2.2,1454
"Tanzania","Yes","Africa","AFRO","Eastern and Southern Africa",2017,4895,4895,0,99,2,84
"Thailand","Yes","Asia","SEARO","East Asia and Pacific",2017,8,8,0,0,0,0
"Uganda","Yes","Africa","AFRO","Eastern and Southern Africa",2017,252,252,0,0,0,6
"United Arab Emirates","No","Asia","EMRO","Middle East and North Africa",2017,12,0,12,0,0,0
"USA","No","Americas","PAHO","North Americas",2017,11,2,9,0,0,0
"Yemen","Yes","Asia","EMRO","Middle East and North Africa",2017,1032481,1032481,0,2261,0.2,35405
"Zambia","Yes","Africa","AFRO","Eastern and Southern Africa",2017,1794,1794,0,57,3.2,100
"Afghanistan","Yes","Asia","EMRO","South Asia",2016,677,677,0,5,0.7,18
"Angola","Yes","Africa","AFRO","Eastern and Southern Africa",2016,78,78,0,3,3.9,2
"Australia","No","Oceania","WPRO","East Asia and Pacific",2016,1,0,1,0,0,0
"Benin","Yes","Africa","AFRO","West and Central Africa",2016,761,761,0,13,1.7,64
"Burundi","Yes","Africa","AFRO","Eastern and Southern Africa",2016,434,434,0,5,1.2,38
"Canada","No","Americas","PAHO","North Americas",2016,1,0,1,0,0,0
"China","No","Asia","WPRO","East Asia and Pacific",2016,27,27,0,0,0,0
"Congo","Yes","Africa","AFRO","West and Central Africa",2016,15,15,0,2,13.3,3
"Dem Rep Congo","Yes","Africa","AFRO","West and Central Africa",2016,28093,28093,0,759,2.7,324
"Denmark","No","Europe","EURO","Western Europe",2016,1,0,1,0,0,0
"Dominican Republic","Yes","Americas","PAHO","Americas and Caribbean",2016,1159,1158,1,27,2.3,108
"Germany","No","Europe","EURO","Western Europe",2016,1,0,1,0,0,0
"Ghana","Yes","Africa","AFRO","West and Central Africa",2016,175,175,0,0,0,6
"Haiti","Yes","Americas","PAHO","Americas and Caribbean",2016,41421,41421,0,447,1.1,3678
"India","Yes","Asia","SEARO","South Asia",2016,841,841,0,3,0.4,1
"Iran","Yes","Asia","EMRO","Middle East and North Africa",2016,5,5,0,0,0,0
"Iraq","Yes","Asia","EMRO","Middle East and North Africa",2016,3,3,0,0,0,0
"Japan","No","Asia","WPRO","East Asia and Pacific",2016,10,0,10,0,0,0
"Kenya","Yes","Africa","AFRO","Eastern and Southern Africa",2016,5866,5866,0,80,1.4,112
"Korea (Rep of)","No","Asia","WPRO","East Asia and Pacific",2016,4,3,1,0,0,0
"Malawi","Yes","Africa","AFRO","Eastern and Southern Africa",2016,1792,1792,0,46,2.6,96
"Mozambique","Yes","Africa","AFRO","Eastern and Southern Africa",2016,883,883,0,2,0.2,29
"Myanmar","Yes","Asia","SEARO","East Asia and Pacific",2016,32,32,0,11,34.4,1
"Nepal","Yes","Asia","SEARO","South Asia",2016,192,192,0,0,0,7
"Netherlands","No","Europe","EURO","Western Europe",2016,1,0,1,0,0,0
"Niger","Yes","Africa","AFRO","West and Central Africa",2016,38,38,0,6,15.8,2
"Nigeria","Yes","Africa","AFRO","West and Central Africa",2016,768,768,0,32,4.2,4
"Philippines","Yes","Asia","WPRO","East Asia and Pacific",2016,124,124,0,0,0,1
"Rwanda","No","Africa","AFRO","Eastern and Southern Africa",2016,355,355,0,0,0,28
"Somalia","Yes","Africa","EMRO","Eastern and Southern Africa",2016,15619,15619,0,548,3.5,1011
"South Sudan","Yes","Africa","AFRO","Eastern and Southern Africa",2016,4295,4295,0,82,1.9,388
"Tanzania","Yes","Africa","AFRO","Eastern and Southern Africa",2016,11360,11360,0,172,1.5,196
"Thailand","Yes","Asia","SEARO","East Asia and Pacific",2016,52,52,0,1,1.9,1
"Uganda","Yes","Africa","AFRO","Eastern and Southern Africa",2016,516,516,0,11,2.1,12
"United Kingdom","No","Europe","EURO","Western Europe",2016,19,0,19,0,0,0
"USA","No","Americas","PAHO","North Americas",2016,14,2,12,0,0,0
"Yemen","Yes","Asia","EMRO","Middle East and North Africa",2016,15751,15751,0,164,1,540
"Zimbabwe","Yes","Africa","AFRO","Eastern and Southern Africa",2016,10,10,0,1,10,1
"Afghanistan","Yes","Asia","EMRO","South Asia",2015,58064,58064,0,8,0,1526
"Australia","No","Oceania","WPRO","East Asia and Pacific",2015,2,2,0,0,0,0
"Bahrain","No","Asia","EMRO","Middle East and North Africa",2015,8,0,8,0,0,0
"Burundi","Yes","Africa","AFRO","Eastern and Southern Africa",2015,442,442,0,0,0,38
"Cameroon","Yes","Africa","AFRO","West and Central Africa",2015,124,124,0,6,4.8,5
"Canada","No","Americas","PAHO","North Americas",2015,3,0,3,0,0,0
"China","No","Asia","WPRO","East Asia and Pacific",2015,13,13,0,0,0,0
"Cote d'Ivoire","Yes","Africa","AFRO","West and Central Africa",2015,199,199,0,6,3,8
"Cuba","No","Americas","PAHO","Americas and Caribbean",2015,65,65,0,0,0,6
"Dem Rep Congo","Yes","Africa","AFRO","West and Central Africa",2015,19182,19182,0,276,1.4,221
"Dominican Republic","Yes","Americas","PAHO","Americas and Caribbean",2015,546,546,0,15,2.8,51
"France","No","Europe","EURO","Western Europe",2015,1,0,1,0,0,0
"Ghana","Yes","Africa","AFRO","West and Central Africa",2015,692,692,0,8,1.2,23
"Haiti","Yes","Americas","PAHO","Americas and Caribbean",2015,36045,36045,0,322,0.9,3200
"India","Yes","Asia","SEARO","South Asia",2015,889,889,0,4,0.5,1
"Iran","Yes","Asia","EMRO","Middle East and North Africa",2015,86,50,36,1,1.2,1
"Iraq","Yes","Asia","EMRO","Middle East and North Africa",2015,4965,4965,0,2,0,126
"Japan","No","Asia","WPRO","East Asia and Pacific",2015,7,0,7,0,0,0
"Kenya","Yes","Africa","AFRO","Eastern and Southern Africa",2015,13291,13291,0,67,0.5,253
"Kuwait","No","Asia","EMRO","Middle East and North Africa",2015,5,0,5,0,0,0
"Malawi","Yes","Africa","AFRO","Eastern and Southern Africa",2015,693,693,0,11,1.6,37
"Malaysia","Yes","Asia","WPRO","East Asia and Pacific",2015,244,244,0,2,0.8,8
"Mexico","No","Americas","PAHO","Americas and Caribbean",2015,1,1,0,0,0,0
"Mozambique","Yes","Africa","AFRO","Eastern and Southern Africa",2015,8739,8739,0,64,0.7,288
"Myanmar","Yes","Asia","SEARO","East Asia and Pacific",2015,103,103,0,12,11.7,2
"Nepal","Yes","Asia","SEARO","South Asia",2015,82,82,0,0,0,3
"Niger","Yes","Africa","AFRO","West and Central Africa",2015,51,51,0,4,7.8,2
"Nigeria","Yes","Africa","AFRO","West and Central Africa",2015,5290,5290,0,186,3.5,26
"Norway","No","Europe","EURO","Western Europe",2015,1,0,1,0,0,0
"Oman","No","Asia","EMRO","Middle East and North Africa",2015,1,0,1,0,0,0
"Somalia","Yes","Africa","EMRO","Eastern and Southern Africa",2015,7536,7536,0,84,1.1,488
"South Sudan","Yes","Africa","AFRO","Eastern and Southern Africa",2015,1818,1818,0,47,2.6,164
"Spain","No","Europe","EURO","Western Europe",2015,2,0,2,0,0,0
"Sweden","No","Europe","EURO","Western Europe",2015,1,0,1,0,0,0
"Switzerland","No","Europe","EURO","Western Europe",2015,2,0,2,0,0,0
"Tanzania","Yes","Africa","AFRO","Eastern and Southern Africa",2015,11563,11563,0,144,1.3,199
"Thailand","Yes","Asia","SEARO","East Asia and Pacific",2015,125,125,0,1,0.8,2
"Togo","Yes","Africa","AFRO","West and Central Africa",2015,35,35,0,1,2.9,4
"Uganda","Yes","Africa","AFRO","Eastern and Southern Africa",2015,1461,1461,0,33,2.3,33
"United Kingdom","No","Europe","EURO","Western Europe",2015,15,0,15,0,0,0
"USA","No","Americas","PAHO","North Americas",2015,4,1,3,0,0,0
"Zimbabwe","Yes","Africa","AFRO","Eastern and Southern Africa",2015,60,60,0,0,0,4
"Afghanistan","Yes","Asia","EMRO","South Asia",2014,45481,45481,0,4,0,1196
"Angola","Yes","Africa","AFRO","Eastern and Southern Africa",2014,213,213,0,3,1.4,7
"Australia","No","Oceania","WPRO","East Asia and Pacific",2014,2,0,2,0,0,0
"Benin","Yes","Africa","AFRO","West and Central Africa",2014,832,832,0,12,1.4,71
"Burundi","Yes","Africa","AFRO","Eastern and Southern Africa",2014,582,582,0,9,1.6,50
"Cameroon","Yes","Africa","AFRO","West and Central Africa",2014,3355,3355,0,184,5.5,130
"Canada","No","Americas","PAHO","North Americas",2014,2,0,2,0,0,0
"Chile","No","Americas","PAHO","Americas and Caribbean",2014,1,0,1,0,0,0
"China","No","Asia","WPRO","East Asia and Pacific",2014,24,24,0,0,0,0
"Cote d'Ivoire","Yes","Africa","AFRO","West and Central Africa",2014,235,235,0,12,5.1,9
"Cuba","No","Americas","PAHO","Americas and Caribbean",2014,76,76,0,0,0,7
"Dem Rep Congo","Yes","Africa","AFRO","West and Central Africa",2014,22203,22203,0,372,1.7,256
"Dominican Republic","Yes","Americas","PAHO","Americas and Caribbean",2014,603,603,0,11,1.8,56
"France","No","Europe","EURO","Western Europe",2014,1,0,1,0,0,0
"Germany","No","Europe","EURO","Western Europe",2014,1,0,1,0,0,0
"Ghana","Yes","Africa","AFRO","West and Central Africa",2014,28944,28944,0,243,0.8,952
"Guinea","Yes","Africa","AFRO","West and Central Africa",2014,1,1,0,0,0,0
"Guinea-Bissau","Yes","Africa","AFRO","West and Central Africa",2014,11,11,0,2,18.2,6
"Haiti","Yes","Americas","PAHO","Americas and Caribbean",2014,27753,27753,0,296,1.1,2464
"India","Yes","Asia","SEARO","South Asia",2014,4031,4031,0,21,0.5,3
"Japan","No","Asia","WPRO","East Asia and Pacific",2014,5,0,5,0,0,0
"Kenya","Yes","Africa","AFRO","Eastern and Southern Africa",2014,35,35,0,9,25.7,1
"Liberia","Yes","Africa","AFRO","West and Central Africa",2014,44,44,0,0,0,9
"Malaysia","Yes","Asia","WPRO","East Asia and Pacific",2014,134,79,55,1,0.8,2
"Mexico","No","Americas","PAHO","Americas and Caribbean",2014,14,14,0,0,0,0
"Mozambique","Yes","Africa","AFRO","Eastern and Southern Africa",2014,480,480,0,1,0.2,16
"Namibia","Yes","Africa","AFRO","Eastern and Southern Africa",2014,485,485,0,13,2.7,194
"Nepal","Yes","Asia","SEARO","South Asia",2014,14,14,0,2,14.3,0
"Niger","Yes","Africa","AFRO","West and Central Africa",2014,2059,2059,0,80,3.9,88
"Nigeria","Yes","Africa","AFRO","West and Central Africa",2014,35996,35996,0,755,2.1,179
"Pakistan","Yes","Asia","EMRO","South Asia",2014,1218,1218,0,6,0.5,6
"Philippines","Yes","Asia","WPRO","East Asia and Pacific",2014,4547,4547,0,8,0.2,42
"Russian Federation","No","Europe","EURO","Central, Eastern Europe",2014,1,0,1,0,0,0
"Singapore","No","Asia","WPRO","East Asia and Pacific",2014,2,0,2,0,0,0
"Somalia","Yes","Africa","EMRO","Eastern and Southern Africa",2014,2820,2820,0,0,0,183
"South Sudan","Yes","Africa","AFRO","Eastern and Southern Africa",2014,6421,6421,0,167,2.6,580
"Thailand","Yes","Asia","SEARO","East Asia and Pacific",2014,12,12,0,0,0,0
"Togo","Yes","Africa","AFRO","West and Central Africa",2014,262,262,0,11,4.2,32
"Uganda","Yes","Africa","AFRO","Eastern and Southern Africa",2014,309,309,0,9,2.9,7
"United Kingdom","No","Europe","EURO","Western Europe",2014,14,0,14,0,0,0
"USA","No","Americas","PAHO","North Americas",2014,7,0,7,0,0,0
"Afghanistan","Yes","Asia","EMRO","South Asia",2013,3957,3957,0,14,0.4,104
"Angola","Yes","Africa","AFRO","Eastern and Southern Africa",2013,6655,6655,0,86,1.3,209
"Australia","No","Oceania","WPRO","East Asia and Pacific",2013,3,1,2,0,0,0
"Benin","Yes","Africa","AFRO","West and Central Africa",2013,528,528,0,6,1.1,45
"Burundi","Yes","Africa","AFRO","Eastern and Southern Africa",2013,1557,1557,0,17,1.1,135
"Cameroon","Yes","Africa","AFRO","West and Central Africa",2013,29,29,0,0,0,1
"Canada","No","Americas","PAHO","North Americas",2013,1,0,1,0,0,0
"Chile","No","Americas","PAHO","Americas and Caribbean",2013,2,0,2,0,0,0
"China","No","Asia","WPRO","East Asia and Pacific",2013,53,51,2,1,1.9,0
"Congo","Yes","Africa","AFRO","West and Central Africa",2013,1624,1624,0,221,13.6,302
"Cote d'Ivoire","Yes","Africa","AFRO","West and Central Africa",2013,56,56,0,2,3.6,2
"Cuba","No","Americas","PAHO","Americas and Caribbean",2013,181,181,0,0,0,16
"Dem Rep Congo","Yes","Africa","AFRO","West and Central Africa",2013,26944,26944,0,491,1.8,310
"Dominican Republic","Yes","Americas","PAHO","Americas and Caribbean",2013,1954,1954,0,42,2.2,182
"Ghana","Yes","Africa","AFRO","West and Central Africa",2013,50,50,0,0,0,2
"Guinea","Yes","Africa","AFRO","West and Central Africa",2013,319,319,0,32,10,25
"Guinea-Bissau","Yes","Africa","AFRO","West and Central Africa",2013,969,969,0,28,2.9,504
"Haiti","Yes","Americas","PAHO","Americas and Caribbean",2013,58809,58809,0,593,1,5221
"India","Yes","Asia","SEARO","South Asia",2013,6008,6008,0,54,0.9,4
"Iran","Yes","Asia","EMRO","Middle East and North Africa",2013,256,45,211,7,2.7,1
"Iraq","Yes","Asia","EMRO","Middle East and North Africa",2013,1,1,0,0,0,0
"Israel","No","Asia","EURO","Middle East and North Africa",2013,1,0,1,0,0,0
"Italy","No","Europe","EURO","Western Europe",2013,1,0,1,0,0,0
"Japan","No","Asia","WPRO","East Asia and Pacific",2013,8,5,3,0,0,0
"Korea (Rep of)","No","Asia","WPRO","East Asia and Pacific",2013,3,0,3,0,0,0
"Liberia","Yes","Africa","AFRO","West and Central Africa",2013,92,92,0,0,0,19
"Malaysia","Yes","Asia","WPRO","East Asia and Pacific",2013,171,94,77,1,0.6,3
"Mali","Yes","Africa","AFRO","West and Central Africa",2013,23,23,0,2,8.7,1
"Mexico","No","Americas","PAHO","Americas and Caribbean",2013,187,187,0,1,0.5,1
"Mozambique","Yes","Africa","AFRO","Eastern and Southern Africa",2013,1869,1869,0,19,1,62
"Myanmar","Yes","Asia","SEARO","East Asia and Pacific",2013,33,33,0,0,0,1
"Namibia","Yes","Africa","AFRO","Eastern and Southern Africa",2013,3,3,0,0,0,1
"Nepal","Yes","Asia","SEARO","South Asia",2013,2,2,0,2,100,0
"Niger","Yes","Africa","AFRO","West and Central Africa",2013,585,585,0,13,2.2,25
"Nigeria","Yes","Africa","AFRO","West and Central Africa",2013,6600,6600,0,229,3.5,33
"Pakistan","Yes","Asia","EMRO","South Asia",2013,1069,1069,0,23,2.2,5
"Philippines","Yes","Asia","WPRO","East Asia and Pacific",2013,6,6,0,0,0,0
"Sierra Leone","Yes","Africa","AFRO","West and Central Africa",2013,377,377,0,32,8.5,48
"Singapore","No","Asia","WPRO","East Asia and Pacific",2013,2,0,2,0,0,0
"Somalia","Yes","Africa","EMRO","Eastern and Southern Africa",2013,6864,6864,0,140,2,444
"South Africa","No","Africa","AFRO","Eastern and Southern Africa",2013,1,1,0,0,0,0
"Tanzania","Yes","Africa","AFRO","Eastern and Southern Africa",2013,270,270,0,17,6.3,5
"Thailand","Yes","Asia","SEARO","East Asia and Pacific",2013,8,8,0,0,0,0
"Togo","Yes","Africa","AFRO","West and Central Africa",2013,166,166,0,4,2.4,21
"Uganda","Yes","Africa","AFRO","Eastern and Southern Africa",2013,748,748,0,27,3.6,17
"United Kingdom","No","Europe","EURO","Western Europe",2013,6,0,6,0,0,0
"USA","No","Americas","PAHO","North Americas",2013,14,2,12,0,0,0
"Venezuela","No","Americas","PAHO","Americas and Caribbean",2013,4,0,4,0,0,0
"Afghanistan","Yes","Asia","EMRO","South Asia",2012,12,12,0,0,0,0
"Angola","Yes","Africa","AFRO","Eastern and Southern Africa",2012,1215,1215,0,98,8.1,38
"Australia","No","Oceania","WPRO","East Asia and Pacific",2012,5,0,5,0,0,0
"Bahamas","No","Americas","PAHO","Americas and Caribbean",2012,1,0,1,0,0,0
"Benin","Yes","Africa","AFRO","West and Central Africa",2012,625,625,0,3,0.5,53
"Burkina Faso","Yes","Africa","AFRO","West and Central Africa",2012,143,143,0,7,4.9,7
"Burundi","Yes","Africa","AFRO","Eastern and Southern Africa",2012,214,214,0,1,0.5,19
"Cameroon","Yes","Africa","AFRO","West and Central Africa",2012,363,363,0,5,1.4,14
"Central African Rep","No","Africa","AFRO","West and Central Africa",2012,21,21,0,0,0,4
"China","No","Asia","WPRO","East Asia and Pacific",2012,77,75,2,0,0,0
"Congo","Yes","Africa","AFRO","West and Central Africa",2012,1181,1181,0,37,3.1,220
"Cote d'Ivoire","Yes","Africa","AFRO","West and Central Africa",2012,424,424,0,19,4.5,16
"Cuba","No","Americas","PAHO","Americas and Caribbean",2012,417,417,0,3,0.7,37
"Dem Rep Congo","Yes","Africa","AFRO","West and Central Africa",2012,33661,33661,0,819,2.4,388
"Dominican Republic","Yes","Americas","PAHO","Americas and Caribbean",2012,7919,7919,0,68,0.9,737
"Ghana","Yes","Africa","AFRO","West and Central Africa",2012,9548,9548,0,100,1.1,314
"Guinea","Yes","Africa","AFRO","West and Central Africa",2012,7350,7350,0,133,1.8,576
"Guinea-Bissau","Yes","Africa","AFRO","West and Central Africa",2012,3068,3068,0,22,0.7,1597
"Haiti","Yes","Americas","PAHO","Americas and Caribbean",2012,112076,112076,0,894,0.8,9951
"Iran","Yes","Asia","EMRO","Middle East and North Africa",2012,53,53,0,0,0,1
"Iraq","Yes","Asia","EMRO","Middle East and North Africa",2012,4693,4693,0,4,0.1,119
"Japan","No","Asia","WPRO","East Asia and Pacific",2012,3,0,3,0,0,0
"Liberia","Yes","Africa","AFRO","West and Central Africa",2012,219,219,0,0,0,44
"Malawi","Yes","Africa","AFRO","Eastern and Southern Africa",2012,187,187,0,2,1.1,10
"Malaysia","Yes","Asia","WPRO","East Asia and Pacific",2012,282,201,81,1,0.4,6
"Mali","Yes","Africa","AFRO","West and Central Africa",2012,219,219,0,19,8.7,11
"Mexico","No","Americas","PAHO","Americas and Caribbean",2012,2,2,0,0,0,0
"Mozambique","Yes","Africa","AFRO","Eastern and Southern Africa",2012,647,647,0,7,1.1,21
"Myanmar","Yes","Asia","SEARO","East Asia and Pacific",2012,174,174,0,0,0,3
"Nepal","Yes","Asia","SEARO","South Asia",2012,34,34,0,0,0,1
"Niger","Yes","Africa","AFRO","West and Central Africa",2012,5824,5824,0,110,1.9,250
"Nigeria","Yes","Africa","AFRO","West and Central Africa",2012,597,597,0,18,3,3
"Pakistan","Yes","Asia","EMRO","South Asia",2012,144,144,0,8,5.6,1
"Philippines","Yes","Asia","WPRO","East Asia and Pacific",2012,1864,1864,0,14,0.8,17
"Russian Federation","No","Europe","EURO","Central, Eastern Europe",2012,1,0,1,0,0,0
"Rwanda","No","Africa","AFRO","Eastern and Southern Africa",2012,9,9,0,0,0,1
"Senegal","No","Africa","AFRO","West and Central Africa",2012,1,1,0,0,0,0
"Sierra Leone","Yes","Africa","AFRO","West and Central Africa",2012,23124,23124,0,299,1.3,2960
"Singapore","No","Asia","WPRO","East Asia and Pacific",2012,2,0,2,0,0,0
"Somalia","Yes","Africa","EMRO","Eastern and Southern Africa",2012,22576,22576,0,200,0.9,1462
"Tanzania","Yes","Africa","AFRO","Eastern and Southern Africa",2012,286,286,0,4,1.4,5
"Thailand","Yes","Asia","SEARO","East Asia and Pacific",2012,29,29,0,0,0,0
"Togo","Yes","Africa","AFRO","West and Central Africa",2012,61,61,0,1,1.6,8
"Uganda","Yes","Africa","AFRO","Eastern and Southern Africa",2012,6326,6326,0,135,2.1,143
"United Kingdom","No","Europe","EURO","Western Europe",2012,17,0,17,0,0,0
"USA","No","Americas","PAHO","North Americas",2012,18,1,17,0,0,0
"Zambia","Yes","Africa","AFRO","Eastern and Southern Africa",2012,198,198,0,2,1,11
"Zimbabwe","Yes","Africa","AFRO","Eastern and Southern Africa",2012,23,23,0,1,4.4,2
"Afghanistan","Yes","Asia","EMRO","South Asia",2011,3733,3733,0,44,1.2,98
"Angola","Yes","Africa","AFRO","Eastern and Southern Africa",2011,1810,1810,0,110,6.1,57
"Australia","No","Oceania","WPRO","East Asia and Pacific",2011,6,0,6,0,0,0
"Bahamas","No","Americas","PAHO","Americas and Caribbean",2011,1,0,1,0,0,0
"Benin","Yes","Africa","AFRO","West and Central Africa",2011,755,755,0,4,0.5,64
"Brazil","No","Americas","PAHO","Americas and Caribbean",2011,1,0,1,0,0,0
"Brunei Darussalam","No","Asia","WPRO","East Asia and Pacific",2011,3,0,3,0,0,0
"Burkina Faso","Yes","Africa","AFRO","West and Central Africa",2011,20,20,0,2,10,1
"Burundi","Yes","Africa","AFRO","Eastern and Southern Africa",2011,1072,1072,0,1,0.1,93
"Cameroon","Yes","Africa","AFRO","West and Central Africa",2011,22433,22433,0,783,3.5,867
"Canada","No","Americas","PAHO","North Americas",2011,9,0,9,0,0,0
"Central African Rep","No","Africa","AFRO","West and Central Africa",2011,117,117,0,15,12.8,25
"Chad","Yes","Africa","AFRO","West and Central Africa",2011,17267,17267,0,458,2.7,1083
"Chile","No","Americas","PAHO","Americas and Caribbean",2011,1,0,1,0,0,0
"China","No","Asia","WPRO","East Asia and Pacific",2011,26,25,1,0,0,0
"Congo","Yes","Africa","AFRO","West and Central Africa",2011,762,762,0,35,4.6,142
"Cote d'Ivoire","Yes","Africa","AFRO","West and Central Africa",2011,1261,1261,0,24,1.9,49
"Dem Rep Congo","Yes","Africa","AFRO","West and Central Africa",2011,21700,21700,0,584,2.7,250
"Djibouti","Yes","Africa","EMRO","Middle East and North Africa",2011,127,127,0,1,0.8,130
"Dominican Republic","Yes","Americas","PAHO","Americas and Caribbean",2011,20851,20806,45,336,1.6,1937
"France","No","Europe","EURO","Western Europe",2011,1,0,1,0,0,0
"Germany","No","Europe","EURO","Western Europe",2011,4,0,4,0,0,0
"Ghana","Yes","Africa","AFRO","West and Central Africa",2011,10628,10628,0,105,1,349
"Guinea","Yes","Africa","AFRO","West and Central Africa",2011,3,3,0,0,0,0
"Haiti","Yes","Americas","PAHO","Americas and Caribbean",2011,340311,340311,0,2869,0.8,30215
"Iran","Yes","Asia","EMRO","Middle East and North Africa",2011,1187,1187,0,12,1,14
"Japan","No","Asia","WPRO","East Asia and Pacific",2011,12,1,11,0,0,0
"Kenya","Yes","Africa","AFRO","Eastern and Southern Africa",2011,74,74,0,2,2.7,1
"Korea (Rep of)","No","Asia","WPRO","East Asia and Pacific",2011,3,3,0,0,0,0
"Liberia","Yes","Africa","AFRO","West and Central Africa",2011,1146,1146,0,0,0,232
"Malawi","Yes","Africa","AFRO","Eastern and Southern Africa",2011,120,120,0,4,3.3,6
"Malaysia","Yes","Asia","WPRO","East Asia and Pacific",2011,586,469,117,10,1.7,15
"Mali","Yes","Africa","AFRO","West and Central Africa",2011,2220,2220,0,95,4.3,113
"Mauritania","No","Africa","AFRO","West and Central Africa",2011,46,46,0,3,6.5,10
"Mexico","No","Americas","PAHO","Americas and Caribbean",2011,1,1,0,0,0,0
"Mozambique","Yes","Africa","AFRO","Eastern and Southern Africa",2011,1279,1279,0,5,0.4,42
"Myanmar","Yes","Asia","SEARO","East Asia and Pacific",2011,16,16,0,0,0,0
"Nepal","Yes","Asia","SEARO","South Asia",2011,1,1,0,0,0,0
"Niger","Yes","Africa","AFRO","West and Central Africa",2011,2324,2324,0,60,2.6,100
"Nigeria","Yes","Africa","AFRO","West and Central Africa",2011,23377,23377,0,742,3.2,116
"Pakistan","Yes","Asia","EMRO","South Asia",2011,527,527,0,219,41.6,2
"Papua New Guinea","Yes","Oceania","WPRO","East Asia and Pacific",2011,1535,1535,0,2,0.1,175
"Philippines","Yes","Asia","WPRO","East Asia and Pacific",2011,120,120,0,3,2.5,1
"Senegal","No","Africa","AFRO","West and Central Africa",2011,5,5,0,0,0,0
"Singapore","No","Asia","WPRO","East Asia and Pacific",2011,2,0,2,0,0,0
"Somalia","Yes","Africa","EMRO","Eastern and Southern Africa",2011,77636,77636,0,1130,1.5,5027
"Sweden","No","Europe","EURO","Western Europe",2011,1,0,1,0,0,0
"Tanzania","Yes","Africa","AFRO","Eastern and Southern Africa",2011,942,942,0,11,1.2,16
"Thailand","Yes","Asia","SEARO","East Asia and Pacific",2011,279,279,0,4,1.4,4
"Togo","Yes","Africa","AFRO","West and Central Africa",2011,4,4,0,0,0,0
"Ukraine","No","Europe","EURO","Central, Eastern Europe",2011,33,33,0,0,0,1
"United Kingdom","No","Europe","EURO","Western Europe",2011,32,0,32,0,0,0
"USA","No","Americas","PAHO","North Americas",2011,42,2,40,0,0,0
"Venezuela","No","Americas","PAHO","Americas and Caribbean",2011,49,0,49,0,0,0
"Vietnam","No","Asia","WPRO","East Asia and Pacific",2011,3,3,0,0,0,0
"Yemen","Yes","Asia","EMRO","Middle East and North Africa",2011,31789,31789,0,134,0.4,1090
"Zambia","Yes","Africa","AFRO","Eastern and Southern Africa",2011,330,330,0,7,2.1,18
"Zimbabwe","Yes","Africa","AFRO","Eastern and Southern Africa",2011,1220,1220,0,2,0.2,83
"Afghanistan","Yes","Asia","EMRO","South Asia",2010,2369,2369,0,10,0.4,62
"Angola","Yes","Africa","AFRO","Eastern and Southern Africa",2010,1484,1484,0,30,2,47
"Australia","No","Oceania","WPRO","East Asia and Pacific",2010,3,0,3,0,0,0
"Benin","Yes","Africa","AFRO","West and Central Africa",2010,983,983,0,8,0.8,83
"Burundi","Yes","Africa","AFRO","Eastern and Southern Africa",2010,333,333,0,1,0.3,29
"Cambodia","No","Asia","WPRO","East Asia and Pacific",2010,588,588,0,1,0.2,36
"Cameroon","Yes","Africa","AFRO","West and Central Africa",2010,10759,10759,0,657,6.1,416
"Canada","No","Americas","PAHO","North Americas",2010,2,1,1,0,0,0
"Chad","Yes","Africa","AFRO","West and Central Africa",2010,6395,6395,0,175,2.7,401
"China","No","Asia","WPRO","East Asia and Pacific",2010,157,152,5,0,0,0
"Cote d'Ivoire","Yes","Africa","AFRO","West and Central Africa",2010,32,32,0,0,0,1
"Dem Rep Congo","Yes","Africa","AFRO","West and Central Africa",2010,13884,13884,0,182,1.3,160
"Djibouti","Yes","Africa","EMRO","Middle East and North Africa",2010,2047,2047,0,19,0.9,2103
"Dominican Republic","Yes","Americas","PAHO","Americas and Caribbean",2010,191,191,0,0,0,18
"Ethiopia","Yes","Africa","AFRO","Eastern and Southern Africa",2010,1682,1682,0,21,1.3,15
"France","No","Europe","EURO","Western Europe",2010,6,6,0,0,0,0
"Germany","No","Europe","EURO","Western Europe",2010,4,0,4,1,25,0
"Ghana","Yes","Africa","AFRO","West and Central Africa",2010,438,438,0,3,0.7,14
"Haiti","Yes","Americas","PAHO","Americas and Caribbean",2010,179379,179379,0,3990,2.2,15926
"India","Yes","Asia","SEARO","South Asia",2010,5155,5155,0,9,0.2,4
"Iraq","Yes","Asia","EMRO","Middle East and North Africa",2010,2,2,0,0,0,0
"Kenya","Yes","Africa","AFRO","Eastern and Southern Africa",2010,3188,3188,0,63,2,61
"Korea (Rep of)","No","Asia","WPRO","East Asia and Pacific",2010,1,0,1,0,0,0
"Laos","No","Asia","WPRO","East Asia and Pacific",2010,237,237,0,4,1.7,33
"Liberia","Yes","Africa","AFRO","West and Central Africa",2010,1546,1546,0,0,0,313
"Malawi","Yes","Africa","AFRO","Eastern and Southern Africa",2010,1155,1155,0,17,1.5,62
"Malaysia","Yes","Asia","WPRO","East Asia and Pacific",2010,443,216,227,6,1.4,7
"Mexico","No","Americas","PAHO","Americas and Caribbean",2010,1,1,0,0,0,0
"Mozambique","Yes","Africa","AFRO","Eastern and Southern Africa",2010,7430,7430,0,117,1.6,245
"Nepal","Yes","Asia","SEARO","South Asia",2010,45,45,0,9,20,2
"Niger","Yes","Africa","AFRO","West and Central Africa",2010,1154,1154,0,66,5.7,50
"Nigeria","Yes","Africa","AFRO","West and Central Africa",2010,44456,44456,0,1712,3.9,221
"Pakistan","Yes","Asia","EMRO","South Asia",2010,164,164,0,0,0,1
"Papua New Guinea","Yes","Oceania","WPRO","East Asia and Pacific",2010,8997,8997,0,95,1.1,1025
"Philippines","Yes","Asia","WPRO","East Asia and Pacific",2010,33,33,0,2,6.1,0
"Russian Federation","No","Europe","EURO","Central, Eastern Europe",2010,3,0,3,0,0,0
"Senegal","No","Africa","AFRO","West and Central Africa",2010,3,3,0,0,0,0
"Somalia","Yes","Africa","EMRO","Eastern and Southern Africa",2010,3510,3510,0,103,2.9,227
"Tanzania","Yes","Africa","AFRO","Eastern and Southern Africa",2010,4469,4469,0,59,1.3,77
"Thailand","Yes","Asia","SEARO","East Asia and Pacific",2010,1974,1974,0,15,0.8,28
"Togo","Yes","Africa","AFRO","West and Central Africa",2010,72,72,0,3,4.2,9
"Uganda","Yes","Africa","AFRO","Eastern and Southern Africa",2010,2341,2341,0,78,3.3,53
"United Kingdom","No","Europe","EURO","Western Europe",2010,8,0,8,0,0,0
"USA","No","Americas","PAHO","North Americas",2010,15,0,15,0,0,0
"Vietnam","No","Asia","WPRO","East Asia and Pacific",2010,606,606,0,0,0,6
"Yemen","Yes","Asia","EMRO","Middle East and North Africa",2010,300,300,0,4,1.3,10
"Zambia","Yes","Africa","AFRO","Eastern and Southern Africa",2010,6794,6794,0,62,0.9,380
"Zimbabwe","Yes","Africa","AFRO","Eastern and Southern Africa",2010,951,951,0,21,2.2,65
"Afghanistan","Yes","Asia","EMRO","South Asia",2009,662,662,0,11,1.7,17
"Angola","Yes","Africa","AFRO","Eastern and Southern Africa",2009,2019,2019,0,88,4.4,63
"Benin","Yes","Africa","AFRO","West and Central Africa",2009,74,74,0,1,1.4,6
"Botswana","No","Africa","AFRO","Eastern and Southern Africa",2009,15,15,0,2,13.3,7
"Burundi","Yes","Africa","AFRO","Eastern and Southern Africa",2009,355,355,0,0,0,31
"Cambodia","No","Asia","WPRO","East Asia and Pacific",2009,39,39,0,0,0,2
"Cameroon","Yes","Africa","AFRO","West and Central Africa",2009,804,804,0,89,11.1,31
"Canada","No","Americas","PAHO","North Americas",2009,2,0,2,0,0,0
"Chad","Yes","Africa","AFRO","West and Central Africa",2009,67,67,0,6,9,4
"China","No","Asia","WPRO","East Asia and Pacific",2009,85,85,0,0,0,0
"Congo","Yes","Africa","AFRO","West and Central Africa",2009,93,93,0,0,0,17
"Cote d'Ivoire","Yes","Africa","AFRO","West and Central Africa",2009,5,5,0,2,40,0
"Dem Rep Congo","Yes","Africa","AFRO","West and Central Africa",2009,22899,22899,0,237,1,264
"Eswatini","No","Africa","AFRO","Eastern and Southern Africa",2009,19,19,0,0,0,17
"Ethiopia","Yes","Africa","AFRO","Eastern and Southern Africa",2009,31509,31509,0,434,1.4,281
"France","No","Europe","EURO","Western Europe",2009,1,0,1,0,0,0
"Ghana","Yes","Africa","AFRO","West and Central Africa",2009,1294,1294,0,9,0.7,43
"Guinea","Yes","Africa","AFRO","West and Central Africa",2009,42,42,0,0,0,3
"Guinea-Bissau","Yes","Africa","AFRO","West and Central Africa",2009,5,5,0,0,0,3
"Iraq","Yes","Asia","EMRO","Middle East and North Africa",2009,6,6,0,0,0,0
"Kenya","Yes","Africa","AFRO","Eastern and Southern Africa",2009,11425,11425,0,264,2.3,217
"Liberia","Yes","Africa","AFRO","West and Central Africa",2009,1070,1070,0,2,0.2,217
"Malawi","Yes","Africa","AFRO","Eastern and Southern Africa",2009,5751,5751,0,125,2.2,309
"Malaysia","Yes","Asia","WPRO","East Asia and Pacific",2009,187,187,0,1,0.5,6
"Mozambique","Yes","Africa","AFRO","Eastern and Southern Africa",2009,19679,19679,0,155,0.8,648
"Namibia","Yes","Africa","AFRO","Eastern and Southern Africa",2009,159,159,0,3,1.9,64
"Nepal","Yes","Asia","SEARO","South Asia",2009,109,109,0,0,0,4
"Nigeria","Yes","Africa","AFRO","West and Central Africa",2009,13691,13691,0,431,3.2,68
"Papua New Guinea","Yes","Oceania","WPRO","East Asia and Pacific",2009,1957,1957,0,45,2.3,223
"Paraguay","No","Americas","PAHO","Americas and Caribbean",2009,5,5,0,0,0,1
"Rwanda","No","Africa","AFRO","Eastern and Southern Africa",2009,67,67,0,0,0,5
"Senegal","No","Africa","AFRO","West and Central Africa",2009,4,4,0,0,0,0
"Somalia","Yes","Africa","EMRO","Eastern and Southern Africa",2009,208,208,0,3,1.4,13
"South Africa","No","Africa","AFRO","Eastern and Southern Africa",2009,10520,10520,0,57,0.5,180
"Sudan","Yes","Africa","EMRO","Middle East and North Africa",2009,13681,13681,0,52,0.4,320
"Tanzania","Yes","Africa","AFRO","Eastern and Southern Africa",2009,7700,7700,0,113,1.5,133
"Thailand","Yes","Asia","SEARO","East Asia and Pacific",2009,315,315,0,2,0.6,5
"Togo","Yes","Africa","AFRO","West and Central Africa",2009,218,218,0,1,0.5,27
"Uganda","Yes","Africa","AFRO","Eastern and Southern Africa",2009,1095,1095,0,23,2.1,25
"United Kingdom","No","Europe","EURO","Western Europe",2009,16,0,16,0,0,0
"USA","No","Americas","PAHO","North Americas",2009,10,2,8,0,0,0
"Vietnam","No","Asia","WPRO","East Asia and Pacific",2009,471,471,0,1,0.2,5
"Yemen","Yes","Asia","EMRO","Middle East and North Africa",2009,55,55,0,3,5.5,2
"Zambia","Yes","Africa","AFRO","Eastern and Southern Africa",2009,4712,4712,0,80,1.7,264
"Zimbabwe","Yes","Africa","AFRO","Eastern and Southern Africa",2009,68153,68153,0,2706,4,4654
"Afghanistan","Yes","Asia","EMRO","South Asia",2008,4384,4384,0,22,0.5,115
"Angola","Yes","Africa","AFRO","Eastern and Southern Africa",2008,10511,10511,0,243,2.3,330
"Benin","Yes","Africa","AFRO","West and Central Africa",2008,985,985,0,5,0.5,83
"Botswana","No","Africa","AFRO","Eastern and Southern Africa",2008,8,8,0,1,12.5,3
"Burundi","Yes","Africa","AFRO","Eastern and Southern Africa",2008,234,234,0,4,1.7,20
"Canada","No","Americas","PAHO","North Americas",2008,1,0,1,0,0,0
"China","No","Asia","WPRO","East Asia and Pacific",2008,174,171,3,0,0,0
"Comoros","No","Africa","AFRO","Eastern and Southern Africa",2008,4,4,0,0,0,5
"Congo","Yes","Africa","AFRO","West and Central Africa",2008,156,156,0,4,2.6,29
"Cote d'Ivoire","Yes","Africa","AFRO","West and Central Africa",2008,7,7,0,1,14.3,0
"Dem Rep Congo","Yes","Africa","AFRO","West and Central Africa",2008,30150,30150,0,548,1.8,347
"Denmark","No","Europe","EURO","Western Europe",2008,1,0,1,0,0,0
"Eritrea","Yes","Africa","AFRO","Eastern and Southern Africa",2008,1,1,0,0,0,0
"Eswatini","No","Africa","AFRO","Eastern and Southern Africa",2008,1,1,0,0,0,1
"Ethiopia","Yes","Africa","AFRO","Eastern and Southern Africa",2008,3862,3862,0,23,0.6,34
"Finland","No","Europe","EURO","Western Europe",2008,1,0,1,0,0,0
"France","No","Europe","EURO","Western Europe",2008,2,0,2,0,0,0
"Gabon","No","Africa","AFRO","West and Central Africa",2008,2,2,0,0,0,1
"Gambia","No","Africa","AFRO","West and Central Africa",2008,1,1,0,0,0,0
"Ghana","Yes","Africa","AFRO","West and Central Africa",2008,1223,1223,0,25,2,40
"Guinea","Yes","Africa","AFRO","West and Central Africa",2008,513,513,0,32,6.2,40
"Guinea-Bissau","Yes","Africa","AFRO","West and Central Africa",2008,14323,14323,0,225,1.6,7456
"India","Yes","Asia","SEARO","South Asia",2008,2680,2680,0,1,0,2
"Indonesia","No","Asia","SEARO","East Asia and Pacific",2008,1007,1007,0,27,2.7,4
"Iran","Yes","Asia","EMRO","Middle East and North Africa",2008,72,72,0,4,5.6,1
"Iraq","Yes","Asia","EMRO","Middle East and North Africa",2008,925,925,0,11,1.2,24
"Kazakhstan","No","Asia","EURO","Central, Eastern Europe",2008,1,0,1,0,0,0
"Kenya","Yes","Africa","AFRO","Eastern and Southern Africa",2008,3091,3091,0,113,3.7,59
"Laos","No","Asia","WPRO","East Asia and Pacific",2008,201,201,0,0,0,28
"Liberia","Yes","Africa","AFRO","West and Central Africa",2008,1236,1236,0,3,0.2,250
"Malawi","Yes","Africa","AFRO","Eastern and Southern Africa",2008,831,831,0,26,3.1,45
"Mali","Yes","Africa","AFRO","West and Central Africa",2008,153,153,0,5,3.3,8
"Mexico","No","Americas","PAHO","Americas and Caribbean",2008,1,1,0,0,0,0
"Mozambique","Yes","Africa","AFRO","Eastern and Southern Africa",2008,9087,9087,0,102,1.1,299
"Myanmar","Yes","Asia","SEARO","East Asia and Pacific",2008,45,45,0,1,2.2,1
"Namibia","Yes","Africa","AFRO","Eastern and Southern Africa",2008,3496,3496,0,38,1.1,1401
"Nepal","Yes","Asia","SEARO","South Asia",2008,148,148,0,0,0,5
"Netherlands","No","Europe","EURO","Western Europe",2008,5,0,5,0,0,0
"Niger","Yes","Africa","AFRO","West and Central Africa",2008,972,972,0,70,7.2,42
"Nigeria","Yes","Africa","AFRO","West and Central Africa",2008,5410,5410,0,247,4.6,27
"Rwanda","No","Africa","AFRO","Eastern and Southern Africa",2008,23,23,0,0,0,2
"Sao Tome and Principe","No","Africa","AFRO","West and Central Africa",2008,119,119,0,4,3.4,553
"Senegal","No","Africa","AFRO","West and Central Africa",2008,1283,1283,0,20,1.6,79
"Sierra Leone","Yes","Africa","AFRO","West and Central Africa",2008,62,62,0,1,1.6,8
"Somalia","Yes","Africa","EMRO","Eastern and Southern Africa",2008,1281,1281,0,16,1.3,83
"South Africa","No","Africa","AFRO","Eastern and Southern Africa",2008,3907,3841,66,22,0.6,66
"Spain","No","Europe","EURO","Western Europe",2008,5,0,5,0,0,0
"Sudan","Yes","Africa","EMRO","Middle East and North Africa",2008,17241,17241,0,118,0.7,403
"Tanzania","Yes","Africa","AFRO","Eastern and Southern Africa",2008,2911,2911,0,88,3,50
"Thailand","Yes","Asia","SEARO","East Asia and Pacific",2008,436,129,307,3,0.7,2
"Togo","Yes","Africa","AFRO","West and Central Africa",2008,397,397,0,3,0.8,49
"Uganda","Yes","Africa","AFRO","Eastern and Southern Africa",2008,3726,3726,0,120,3.2,84
"United Kingdom","No","Europe","EURO","Western Europe",2008,8,0,8,0,0,0
"USA","No","Americas","PAHO","North Americas",2008,5,1,4,0,0,0
"Vietnam","No","Asia","WPRO","East Asia and Pacific",2008,853,853,0,0,0,9
"Zambia","Yes","Africa","AFRO","Eastern and Southern Africa",2008,2061,2061,0,39,1.9,115
"Zimbabwe","Yes","Africa","AFRO","Eastern and Southern Africa",2008,60055,60055,0,2928,4.9,4101
"Angola","Yes","Africa","AFRO","Eastern and Southern Africa",2007,18422,18422,0,513,2.8,579
"Australia","No","Oceania","WPRO","East Asia and Pacific",2007,3,0,3,0,0,0
"Burundi","Yes","Africa","AFRO","Eastern and Southern Africa",2007,365,365,0,2,0.6,32
"Cameroon","Yes","Africa","AFRO","West and Central Africa",2007,10,10,0,1,10,0
"Canada","No","Americas","PAHO","North Americas",2007,1,0,1,0,0,0
"China","No","Asia","WPRO","East Asia and Pacific",2007,168,165,3,0,0,0
"Comoros","No","Africa","AFRO","Eastern and Southern Africa",2007,1555,1555,0,29,1.9,1828
"Congo","Yes","Africa","AFRO","West and Central Africa",2007,7785,7785,0,133,1.7,1447
"Cote d'Ivoire","Yes","Africa","AFRO","West and Central Africa",2007,8,8,0,1,12.5,0
"Dem Rep Congo","Yes","Africa","AFRO","West and Central Africa",2007,28269,28269,0,600,2.1,326
"Djibouti","Yes","Africa","EMRO","Middle East and North Africa",2007,372,372,0,25,6.7,382
"Eritrea","Yes","Africa","AFRO","Eastern and Southern Africa",2007,119,119,0,9,7.6,37
"Ethiopia","Yes","Africa","AFRO","Eastern and Southern Africa",2007,24121,24121,0,272,1.1,215
"France","No","Europe","EURO","Western Europe",2007,4,0,4,0,0,0
"Gambia","No","Africa","AFRO","West and Central Africa",2007,12,12,0,1,8.3,5
"Germany","No","Europe","EURO","Western Europe",2007,2,0,2,0,0,0
"Ghana","Yes","Africa","AFRO","West and Central Africa",2007,179,179,0,18,10.1,6
"Guinea","Yes","Africa","AFRO","West and Central Africa",2007,8546,8546,0,311,3.6,669
"Guinea-Bissau","Yes","Africa","AFRO","West and Central Africa",2007,153,153,0,8,5.2,80
"India","Yes","Asia","SEARO","South Asia",2007,2635,2635,0,3,0.1,2
"Iran","Yes","Asia","EMRO","Middle East and North Africa",2007,19,0,19,0,0,0
"Iraq","Yes","Asia","EMRO","Middle East and North Africa",2007,4696,4696,0,24,0.5,119
"Italy","No","Europe","EURO","Western Europe",2007,1,0,1,0,0,0
"Kenya","Yes","Africa","AFRO","Eastern and Southern Africa",2007,1206,1206,0,67,5.6,23
"Laos","No","Asia","WPRO","East Asia and Pacific",2007,169,169,0,3,1.8,23
"Liberia","Yes","Africa","AFRO","West and Central Africa",2007,3063,3063,0,7,0.2,620
"Malawi","Yes","Africa","AFRO","Eastern and Southern Africa",2007,475,475,0,5,1.1,26
"Mauritania","No","Africa","AFRO","West and Central Africa",2007,3,3,0,0,0,1
"Mozambique","Yes","Africa","AFRO","Eastern and Southern Africa",2007,2622,2622,0,22,0.8,86
"Namibia","Yes","Africa","AFRO","Eastern and Southern Africa",2007,14,14,0,0,0,6
"Nepal","Yes","Asia","SEARO","South Asia",2007,204,204,0,0,0,7
"Niger","Yes","Africa","AFRO","West and Central Africa",2007,24,24,0,2,8.3,1
"Nigeria","Yes","Africa","AFRO","West and Central Africa",2007,1661,1661,0,48,2.9,8
"Norway","No","Europe","EURO","Western Europe",2007,1,0,1,0,0,0
"Rwanda","No","Africa","AFRO","Eastern and Southern Africa",2007,1453,1453,0,21,1.5,115
"Sao Tome and Principe","No","Africa","AFRO","West and Central Africa",2007,90,90,0,0,0,419
"Senegal","No","Africa","AFRO","West and Central Africa",2007,3984,3984,0,24,0.6,244
"Seychelles","No","Africa","AFRO","Eastern and Southern Africa",2007,178,178,0,1,0.6,1823
"Sierra Leone","Yes","Africa","AFRO","West and Central Africa",2007,2219,2219,0,84,3.8,284
"Slovenia","No","Europe","EURO","Western Europe",2007,1,0,1,0,0,0
"Somalia","Yes","Africa","EMRO","Eastern and Southern Africa",2007,41643,41643,0,1182,2.8,2697
"Spain","No","Europe","EURO","Western Europe",2007,2,0,2,0,0,0
"Sudan","Yes","Africa","EMRO","Middle East and North Africa",2007,13731,13731,0,500,3.6,321
"Tanzania","Yes","Africa","AFRO","Eastern and Southern Africa",2007,1609,1609,0,65,4,28
"Thailand","Yes","Asia","SEARO","East Asia and Pacific",2007,1428,1428,0,7,0.5,21
"Togo","Yes","Africa","AFRO","West and Central Africa",2007,65,65,0,1,1.5,8
"Uganda","Yes","Africa","AFRO","Eastern and Southern Africa",2007,276,276,0,3,1.1,6
"Ukraine","No","Europe","EURO","Central, Eastern Europe",2007,1,0,1,0,0,0
"United Kingdom","No","Europe","EURO","Western Europe",2007,32,0,32,0,0,0
"USA","No","Americas","PAHO","North Americas",2007,7,3,4,0,0,0
"Vietnam","No","Asia","WPRO","East Asia and Pacific",2007,1946,1946,0,0,0,20
"Zambia","Yes","Africa","AFRO","Eastern and Southern Africa",2007,2286,2286,0,35,1.5,128
"Zimbabwe","Yes","Africa","AFRO","Eastern and Southern Africa",2007,65,65,0,4,6.2,4
"Angola","Yes","Africa","AFRO","Eastern and Southern Africa",2006,67257,67257,0,2722,4.1,2113
"Australia","No","Oceania","WPRO","East Asia and Pacific",2006,3,0,3,0,0,0
"Benin","Yes","Africa","AFRO","West and Central Africa",2006,91,91,0,1,1.1,8
"Burundi","Yes","Africa","AFRO","Eastern and Southern Africa",2006,886,886,0,7,0.8,77
"Cameroon","Yes","Africa","AFRO","West and Central Africa",2006,922,922,0,35,3.8,36
"Canada","No","Americas","PAHO","North Americas",2006,2,0,2,0,0,0
"Chad","Yes","Africa","AFRO","West and Central Africa",2006,1668,1668,0,71,4.3,105
"China","No","Asia","WPRO","East Asia and Pacific",2006,161,161,0,2,1.2,0
"Congo","Yes","Africa","AFRO","West and Central Africa",2006,175,175,0,10,5.7,33
"Cote d'Ivoire","Yes","Africa","AFRO","West and Central Africa",2006,414,414,0,15,3.6,16
"Dem Rep Congo","Yes","Africa","AFRO","West and Central Africa",2006,20642,20642,0,426,2.1,238
"Djibouti","Yes","Africa","EMRO","Middle East and North Africa",2006,123,123,0,11,8.9,126
"Eswatini","No","Africa","AFRO","Eastern and Southern Africa",2006,18,18,0,0,0,16
"Ethiopia","Yes","Africa","AFRO","Eastern and Southern Africa",2006,54070,54070,0,575,1.1,482
"France","No","Europe","EURO","Western Europe",2006,2,0,2,0,0,0
"Germany","No","Europe","EURO","Western Europe",2006,1,0,1,0,0,0
"Ghana","Yes","Africa","AFRO","West and Central Africa",2006,3357,3357,0,107,3.2,110
"Guinea","Yes","Africa","AFRO","West and Central Africa",2006,3242,3242,0,219,6.8,254
"Guinea-Bissau","Yes","Africa","AFRO","West and Central Africa",2006,37,37,0,0,0,19
"India","Yes","Asia","SEARO","South Asia",2006,1939,1939,0,3,0.2,1
"Italy","No","Europe","EURO","Western Europe",2006,1,0,1,0,0,0
"Japan","No","Asia","WPRO","East Asia and Pacific",2006,34,6,28,0,0,0
"Kenya","Yes","Africa","AFRO","Eastern and Southern Africa",2006,870,870,0,11,1.3,17
"Liberia","Yes","Africa","AFRO","West and Central Africa",2006,4929,4929,0,17,0.3,998
"Malawi","Yes","Africa","AFRO","Eastern and Southern Africa",2006,4148,4148,0,55,1.3,223
"Malaysia","Yes","Asia","WPRO","East Asia and Pacific",2006,237,237,0,2,0.8,7
"Mali","Yes","Africa","AFRO","West and Central Africa",2006,7,7,0,0,0,0
"Mauritania","No","Africa","AFRO","West and Central Africa",2006,25,25,0,0,0,6
"Mozambique","Yes","Africa","AFRO","Eastern and Southern Africa",2006,6306,6306,0,29,0.5,208
"Namibia","Yes","Africa","AFRO","Eastern and Southern Africa",2006,185,185,0,5,2.7,74
"Netherlands","No","Europe","EURO","Western Europe",2006,3,0,3,0,0,0
"Niger","Yes","Africa","AFRO","West and Central Africa",2006,1232,1232,0,81,6.6,53
"Nigeria","Yes","Africa","AFRO","West and Central Africa",2006,2028,2028,0,127,6.3,10
"Norway","No","Europe","EURO","Western Europe",2006,1,0,1,0,0,0
"Philippines","Yes","Asia","WPRO","East Asia and Pacific",2006,66,66,0,1,1.5,1
"Russian Federation","No","Europe","EURO","Central, Eastern Europe",2006,1,0,1,0,0,0
"Rwanda","No","Africa","AFRO","Eastern and Southern Africa",2006,405,405,0,21,5.2,32
"Sao Tome and Principe","No","Africa","AFRO","West and Central Africa",2006,926,926,0,9,1,4306
"Senegal","No","Africa","AFRO","West and Central Africa",2006,365,365,0,10,2.7,22
"Sierra Leone","Yes","Africa","AFRO","West and Central Africa",2006,2560,2560,0,99,3.9,328
"Spain","No","Europe","EURO","Western Europe",2006,2,0,2,0,0,0
"Sudan","Yes","Africa","EMRO","Middle East and North Africa",2006,30662,30662,0,1011,3.3,716
"Sweden","No","Europe","EURO","Western Europe",2006,1,0,1,0,0,0
"Switzerland","No","Europe","EURO","Western Europe",2006,1,0,1,0,0,0
"Tanzania","Yes","Africa","AFRO","Eastern and Southern Africa",2006,14297,14297,0,254,1.8,246
"Thailand","Yes","Asia","SEARO","East Asia and Pacific",2006,35,35,0,0,0,1
"Togo","Yes","Africa","AFRO","West and Central Africa",2006,1159,1159,0,25,2.2,143
"Uganda","Yes","Africa","AFRO","Eastern and Southern Africa",2006,5194,5194,0,106,2,117
"United Kingdom","No","Europe","EURO","Western Europe",2006,49,0,49,0,0,0
"USA","No","Americas","PAHO","North Americas",2006,8,4,4,0,0,0
"Zambia","Yes","Africa","AFRO","Eastern and Southern Africa",2006,5360,5360,0,183,3.4,300
"Zimbabwe","Yes","Africa","AFRO","Eastern and Southern Africa",2006,789,789,0,61,7.7,54
"Afghanistan","Yes","Asia","EMRO","South Asia",2005,33,33,0,0,0,1
"Australia","No","Oceania","WPRO","East Asia and Pacific",2005,2,0,2,0,0,0
"Austria","No","Europe","EURO","Western Europe",2005,1,0,1,0,0,0
"Belgium","No","Europe","EURO","Western Europe",2005,2,0,2,0,0,0
"Benin","Yes","Africa","AFRO","West and Central Africa",2005,749,749,0,11,1.5,63
"Brazil","No","Americas","PAHO","Americas and Caribbean",2005,5,5,0,0,0,0
"Burkina Faso","Yes","Africa","AFRO","West and Central Africa",2005,1050,1050,0,16,1.5,52
"Burundi","Yes","Africa","AFRO","Eastern and Southern Africa",2005,1309,1309,0,18,1.4,114
"Cameroon","Yes","Africa","AFRO","West and Central Africa",2005,2847,2847,0,110,3.9,110
"Canada","No","Americas","PAHO","North Americas",2005,7,0,7,0,0,0
"Chad","Yes","Africa","AFRO","West and Central Africa",2005,90,90,0,14,15.6,6
"China","No","Asia","WPRO","East Asia and Pacific",2005,980,976,4,4,0.4,1
"Cote d'Ivoire","Yes","Africa","AFRO","West and Central Africa",2005,39,39,0,6,15.4,2
"Dem Rep Congo","Yes","Africa","AFRO","West and Central Africa",2005,13430,13430,0,244,1.8,155
"Equatorial Guinea","No","Africa","AFRO","West and Central Africa",2005,6391,6391,0,33,0.5,4713
"Eswatini","No","Africa","AFRO","Eastern and Southern Africa",2005,64,64,0,0,0,56
"Finland","No","Europe","EURO","Western Europe",2005,1,0,1,0,0,0
"Gambia","No","Africa","AFRO","West and Central Africa",2005,214,214,0,13,6.1,91
"Ghana","Yes","Africa","AFRO","West and Central Africa",2005,3166,3166,0,51,1.6,104
"Guinea","Yes","Africa","AFRO","West and Central Africa",2005,3821,3821,0,107,2.8,299
"Guinea-Bissau","Yes","Africa","AFRO","West and Central Africa",2005,25111,25111,0,399,1.6,13072
"India","Yes","Asia","SEARO","South Asia",2005,3155,3155,0,6,0.2,2
"Indonesia","No","Asia","SEARO","East Asia and Pacific",2005,1338,1338,0,19,1.4,5
"Iran","Yes","Asia","EMRO","Middle East and North Africa",2005,1133,1133,0,11,1,14
"Japan","No","Asia","WPRO","East Asia and Pacific",2005,43,10,33,0,0,0
"Kenya","Yes","Africa","AFRO","Eastern and Southern Africa",2005,816,816,0,21,2.6,16
"Lebanon","No","Asia","EMRO","Middle East and North Africa",2005,1,0,1,0,0,0
"Liberia","Yes","Africa","AFRO","West and Central Africa",2005,3823,3823,0,18,0.5,774
"Malawi","Yes","Africa","AFRO","Eastern and Southern Africa",2005,1105,1105,0,11,1,59
"Mali","Yes","Africa","AFRO","West and Central Africa",2005,1178,1178,0,76,6.5,60
"Mauritania","No","Africa","AFRO","West and Central Africa",2005,4132,4132,0,70,1.7,913
"Mozambique","Yes","Africa","AFRO","Eastern and Southern Africa",2005,2226,2226,0,24,1.1,73
"Netherlands","No","Europe","EURO","Western Europe",2005,4,0,4,0,0,0
"New Zealand","No","Oceania","WPRO","East Asia and Pacific",2005,1,0,1,0,0,0
"Niger","Yes","Africa","AFRO","West and Central Africa",2005,553,553,0,55,10,24
"Nigeria","Yes","Africa","AFRO","West and Central Africa",2005,4477,4477,0,174,3.9,22
"Norway","No","Europe","EURO","Western Europe",2005,1,0,1,0,0,0
"Philippines","Yes","Asia","WPRO","East Asia and Pacific",2005,139,139,0,2,1.4,1
"Poland","No","Europe","EURO","Western Europe",2005,1,0,1,0,0,0
"Qatar","No","Asia","EMRO","Middle East and North Africa",2005,2,0,2,0,0,0
"Rwanda","No","Africa","AFRO","Eastern and Southern Africa",2005,89,89,0,0,0,7
"Sao Tome and Principe","No","Africa","AFRO","West and Central Africa",2005,1966,1966,0,33,1.7,9142
"Senegal","No","Africa","AFRO","West and Central Africa",2005,31719,31719,0,458,1.4,1946
"Sierra Leone","Yes","Africa","AFRO","West and Central Africa",2005,6,6,0,0,0,1
"South Africa","No","Africa","AFRO","Eastern and Southern Africa",2005,3503,3503,0,28,0.8,60
"Tanzania","Yes","Africa","AFRO","Eastern and Southern Africa",2005,2945,2945,0,94,3.2,51
"Togo","Yes","Africa","AFRO","West and Central Africa",2005,1320,1320,0,15,1.1,163
"Uganda","Yes","Africa","AFRO","Eastern and Southern Africa",2005,4924,4924,0,98,2,111
"USA","No","Americas","PAHO","North Americas",2005,12,4,8,0,0,0
"Zambia","Yes","Africa","AFRO","Eastern and Southern Africa",2005,1503,1503,0,7,0.5,84
"Zimbabwe","Yes","Africa","AFRO","Eastern and Southern Africa",2005,516,516,0,26,5,35
"Australia","No","Oceania","WPRO","East Asia and Pacific",2004,2,0,2,0,0,0
"Belgium","No","Europe","EURO","Western Europe",2004,1,0,1,0,0,0
"Benin","Yes","Africa","AFRO","West and Central Africa",2004,642,642,0,9,1.4,54
"Brazil","No","Americas","PAHO","Americas and Caribbean",2004,21,21,0,0,0,0
"Burundi","Yes","Africa","AFRO","Eastern and Southern Africa",2004,819,819,0,14,1.7,71
"Cambodia","No","Asia","WPRO","East Asia and Pacific",2004,57,57,0,1,1.8,3
"Cameroon","Yes","Africa","AFRO","West and Central Africa",2004,8005,8005,0,137,1.7,309
"Canada","No","Americas","PAHO","North Americas",2004,3,0,3,0,0,0
"Central African Rep","No","Africa","AFRO","West and Central Africa",2004,320,320,0,48,15,67
"Chad","Yes","Africa","AFRO","West and Central Africa",2004,5531,5531,0,272,4.9,347
"China","No","Asia","WPRO","East Asia and Pacific",2004,246,244,2,1,0.4,0
"Colombia","No","Americas","PAHO","Americas and Caribbean",2004,2,2,0,0,0,0
"Comoros","No","Africa","AFRO","Eastern and Southern Africa",2004,1,1,0,0,0,1
"Cote d'Ivoire","Yes","Africa","AFRO","West and Central Africa",2004,105,105,0,9,8.6,4
"Dem Rep Congo","Yes","Africa","AFRO","West and Central Africa",2004,7665,7665,0,228,3,88
"Denmark","No","Europe","EURO","Western Europe",2004,1,0,1,0,0,0
"Ecuador","No","Americas","PAHO","Americas and Caribbean",2004,5,5,0,0,0,0
"Equatorial Guinea","No","Africa","AFRO","West and Central Africa",2004,59,59,0,1,1.7,44
"Eswatini","No","Africa","AFRO","Eastern and Southern Africa",2004,1075,1075,0,16,1.5,936
"Ethiopia","Yes","Africa","AFRO","Eastern and Southern Africa",2004,16,16,0,0,0,0
"Germany","No","Europe","EURO","Western Europe",2004,3,0,3,0,0,0
"Ghana","Yes","Africa","AFRO","West and Central Africa",2004,407,407,0,6,1.5,13
"Guinea","Yes","Africa","AFRO","West and Central Africa",2004,1516,1516,0,117,7.7,119
"Guinea-Bissau","Yes","Africa","AFRO","West and Central Africa",2004,155,155,0,3,1.9,81
"India","Yes","Asia","SEARO","South Asia",2004,4695,4695,0,7,0.2,3
"Iran","Yes","Asia","EMRO","Middle East and North Africa",2004,94,94,0,1,1.1,1
"Iraq","Yes","Asia","EMRO","Middle East and North Africa",2004,35,35,0,0,0,1
"Japan","No","Asia","WPRO","East Asia and Pacific",2004,66,11,55,0,0,0
"Kenya","Yes","Africa","AFRO","Eastern and Southern Africa",2004,870,870,0,15,1.7,17
"Korea (Rep of)","No","Asia","WPRO","East Asia and Pacific",2004,10,0,10,0,0,0
"Liberia","Yes","Africa","AFRO","West and Central Africa",2004,2786,2786,0,4,0.1,564
"Malawi","Yes","Africa","AFRO","Eastern and Southern Africa",2004,675,675,0,4,0.6,36
"Malaysia","Yes","Asia","WPRO","East Asia and Pacific",2004,16,16,0,0,0,1
"Mali","Yes","Africa","AFRO","West and Central Africa",2004,2839,2839,0,205,7.2,144
"Mozambique","Yes","Africa","AFRO","Eastern and Southern Africa",2004,20080,20080,0,110,0.6,661
"Netherlands","No","Europe","EURO","Western Europe",2004,1,0,1,0,0,0
"Niger","Yes","Africa","AFRO","West and Central Africa",2004,2178,2178,0,57,2.6,93
"Nigeria","Yes","Africa","AFRO","West and Central Africa",2004,3186,3186,0,185,5.8,16
"Philippines","Yes","Asia","WPRO","East Asia and Pacific",2004,533,533,0,3,0.6,5
"Qatar","No","Asia","EMRO","Middle East and North Africa",2004,1,0,1,0,0,0
"Russian Federation","No","Europe","EURO","Central, Eastern Europe",2004,1,0,1,0,0,0
"Rwanda","No","Africa","AFRO","Eastern and Southern Africa",2004,586,586,0,0,0,46
"Senegal","No","Africa","AFRO","West and Central Africa",2004,1227,1227,0,10,0.8,75
"Sierra Leone","Yes","Africa","AFRO","West and Central Africa",2004,513,513,0,42,8.2,66
"Singapore","No","Asia","WPRO","East Asia and Pacific",2004,11,10,1,1,9.1,2
"Somalia","Yes","Africa","EMRO","Eastern and Southern Africa",2004,4490,4490,0,26,0.6,291
"South Africa","No","Africa","AFRO","Eastern and Southern Africa",2004,2767,2767,0,35,1.3,47
"Sweden","No","Europe","EURO","Western Europe",2004,1,0,1,0,0,0
"Tanzania","Yes","Africa","AFRO","Eastern and Southern Africa",2004,10319,10319,0,272,2.6,178
"Togo","Yes","Africa","AFRO","West and Central Africa",2004,1080,1080,0,33,3.1,134
"Uganda","Yes","Africa","AFRO","Eastern and Southern Africa",2004,3380,3380,0,91,2.7,76
"United Kingdom","No","Europe","EURO","Western Europe",2004,13,0,13,0,0,0
"USA","No","Americas","PAHO","North Americas",2004,5,0,5,0,0,0
"Zambia","Yes","Africa","AFRO","Eastern and Southern Africa",2004,12149,12149,0,373,3.1,680
"Zimbabwe","Yes","Africa","AFRO","Eastern and Southern Africa",2004,119,119,0,9,7.6,8
"Afghanistan","Yes","Asia","EMRO","South Asia",2003,41,41,0,7,17.1,1
"Benin","Yes","Africa","AFRO","West and Central Africa",2003,434,434,0,11,2.5,37
"Burkina Faso","Yes","Africa","AFRO","West and Central Africa",2003,1,1,0,0,0,0
"Burundi","Yes","Africa","AFRO","Eastern and Southern Africa",2003,432,432,0,18,4.2,37
"Cameroon","Yes","Africa","AFRO","West and Central Africa",2003,207,207,0,36,17.4,8
"Canada","No","Americas","PAHO","North Americas",2003,5,3,2,0,0,0
"Chad","Yes","Africa","AFRO","West and Central Africa",2003,55,55,0,7,12.7,3
"China","No","Asia","WPRO","East Asia and Pacific",2003,229,229,0,1,0.4,0
"Comoros","No","Africa","AFRO","Eastern and Southern Africa",2003,56,56,0,0,0,66
"Cote d'Ivoire","Yes","Africa","AFRO","West and Central Africa",2003,1034,1034,0,50,4.8,40
"Dem Rep Congo","Yes","Africa","AFRO","West and Central Africa",2003,27272,27272,0,989,3.6,314
"Ecuador","No","Americas","PAHO","Americas and Caribbean",2003,25,25,0,0,0,1
"Eswatini","No","Africa","AFRO","Eastern and Southern Africa",2003,32,32,0,13,40.6,28
"Gabon","No","Africa","AFRO","West and Central Africa",2003,629,629,0,0,0,290
"Germany","No","Europe","EURO","Western Europe",2003,1,0,1,0,0,0
"Ghana","Yes","Africa","AFRO","West and Central Africa",2003,204,204,0,4,2,7
"Guatemala","No","Americas","PAHO","Americas and Caribbean",2003,1,1,0,0,0,0
"Guinea","Yes","Africa","AFRO","West and Central Africa",2003,6,6,0,1,16.7,0
"Guinea-Bissau","Yes","Africa","AFRO","West and Central Africa",2003,290,290,0,2,0.7,151
"India","Yes","Asia","SEARO","South Asia",2003,2893,2893,0,2,0.1,2
"Iran","Yes","Asia","EMRO","Middle East and North Africa",2003,96,92,4,0,0,1
"Iraq","Yes","Asia","EMRO","Middle East and North Africa",2003,187,187,0,0,0,5
"Japan","No","Asia","WPRO","East Asia and Pacific",2003,16,2,14,0,0,0
"Liberia","Yes","Africa","AFRO","West and Central Africa",2003,34740,34740,0,38,0.1,7036
"Madagascar","No","Africa","AFRO","Eastern and Southern Africa",2003,5,5,0,0,0,0
"Malawi","Yes","Africa","AFRO","Eastern and Southern Africa",2003,2736,2736,0,34,1.2,147
"Mali","Yes","Africa","AFRO","West and Central Africa",2003,1455,1455,0,119,8.2,74
"Mauritania","No","Africa","AFRO","West and Central Africa",2003,34,34,0,8,23.5,8
"Mozambique","Yes","Africa","AFRO","Eastern and Southern Africa",2003,13758,13758,0,102,0.7,453
"Netherlands","No","Europe","EURO","Western Europe",2003,1,0,1,0,0,0
"Niger","Yes","Africa","AFRO","West and Central Africa",2003,292,292,0,11,3.8,13
"Nigeria","Yes","Africa","AFRO","West and Central Africa",2003,1933,1933,0,87,4.5,10
"Rwanda","No","Africa","AFRO","Eastern and Southern Africa",2003,12,12,0,0,0,1
"Singapore","No","Asia","WPRO","East Asia and Pacific",2003,1,1,0,0,0,0
"Somalia","Yes","Africa","EMRO","Eastern and Southern Africa",2003,11020,11020,0,56,0.5,714
"South Africa","No","Africa","AFRO","Eastern and Southern Africa",2003,3901,3901,0,45,1.2,67
"Sweden","No","Europe","EURO","Western Europe",2003,1,0,1,0,0,0
"Tanzania","Yes","Africa","AFRO","Eastern and Southern Africa",2003,710,710,0,32,4.5,12
"Togo","Yes","Africa","AFRO","West and Central Africa",2003,384,384,0,28,7.3,48
"Uganda","Yes","Africa","AFRO","Eastern and Southern Africa",2003,4377,4377,0,129,3,99
"United Kingdom","No","Europe","EURO","Western Europe",2003,9,0,9,0,0,0
"USA","No","Americas","PAHO","North Americas",2003,2,0,2,0,0,0
"Zambia","Yes","Africa","AFRO","Eastern and Southern Africa",2003,1049,1049,0,29,2.8,59
"Zimbabwe","Yes","Africa","AFRO","Eastern and Southern Africa",2003,1009,1009,0,35,3.5,69
"Afghanistan","Yes","Asia","EMRO","South Asia",2002,3,3,0,0,0,0
"Australia","No","Oceania","WPRO","East Asia and Pacific",2002,5,3,2,0,0,0
"Austria","No","Europe","EURO","Western Europe",2002,1,0,1,0,0,0
"Benin","Yes","Africa","AFRO","West and Central Africa",2002,270,270,0,13,4.8,23
"Burundi","Yes","Africa","AFRO","Eastern and Southern Africa",2002,577,577,0,8,1.4,50
"Cameroon","Yes","Africa","AFRO","West and Central Africa",2002,66,66,0,8,12.1,3
"Canada","No","Americas","PAHO","North Americas",2002,4,0,4,0,0,0
"China","No","Asia","WPRO","East Asia and Pacific",2002,4,2,2,0,0,0
"Comoros","No","Africa","AFRO","Eastern and Southern Africa",2002,1567,1567,0,46,2.9,1842
"Cote d'Ivoire","Yes","Africa","AFRO","West and Central Africa",2002,4188,4188,0,143,3.4,163
"Czech Republic","No","Europe","EURO","Western Europe",2002,2,0,2,0,0,0
"Dem Rep Congo","Yes","Africa","AFRO","West and Central Africa",2002,31658,31658,0,1979,6.3,365
"Eswatini","No","Africa","AFRO","Eastern and Southern Africa",2002,134,134,0,2,1.5,117
"France","No","Europe","EURO","Western Europe",2002,1,0,1,0,0,0
"Gabon","No","Africa","AFRO","West and Central Africa",2002,6,6,0,0,0,3
"Germany","No","Europe","EURO","Western Europe",2002,1,0,1,0,0,0
"Ghana","Yes","Africa","AFRO","West and Central Africa",2002,3614,3614,0,65,1.8,119
"Guam","No","Asia","WPRO","East Asia and Pacific",2002,1,0,1,0,0,0
"Guatemala","No","Americas","PAHO","Americas and Caribbean",2002,1,1,0,0,0,0
"Guinea","Yes","Africa","AFRO","West and Central Africa",2002,61,61,0,11,18,5
"Guinea-Bissau","Yes","Africa","AFRO","West and Central Africa",2002,842,842,0,6,0.7,438
"India","Yes","Asia","SEARO","South Asia",2002,3455,3455,0,10,0.3,3
"Iran","Yes","Asia","EMRO","Middle East and North Africa",2002,118,118,0,0,0,1
"Iraq","Yes","Asia","EMRO","Middle East and North Africa",2002,718,718,0,0,0,18
"Japan","No","Asia","WPRO","East Asia and Pacific",2002,27,15,12,0,0,0
"Kenya","Yes","Africa","AFRO","Eastern and Southern Africa",2002,291,291,0,10,3.4,6
"Liberia","Yes","Africa","AFRO","West and Central Africa",2002,1115,1115,0,0,0,226
"Madagascar","No","Africa","AFRO","Eastern and Southern Africa",2002,27,27,0,0,0,1
"Malawi","Yes","Africa","AFRO","Eastern and Southern Africa",2002,32618,32618,0,911,2.8,1751
"Mali","Yes","Africa","AFRO","West and Central Africa",2002,18,18,0,2,11.1,1
"Mauritania","No","Africa","AFRO","West and Central Africa",2002,80,80,0,0,0,18
"Mozambique","Yes","Africa","AFRO","Eastern and Southern Africa",2002,24375,24375,0,342,1.4,803
"Netherlands","No","Europe","EURO","Western Europe",2002,1,0,1,0,0,0
"Niger","Yes","Africa","AFRO","West and Central Africa",2002,236,236,0,12,5.1,10
"Nigeria","Yes","Africa","AFRO","West and Central Africa",2002,5429,5429,0,154,2.8,27
"Oman","No","Asia","EMRO","Middle East and North Africa",2002,1,0,1,0,0,0
"Peru","No","Americas","PAHO","Americas and Caribbean",2002,16,16,0,0,0,0
"Qatar","No","Asia","EMRO","Middle East and North Africa",2002,1,0,1,0,0,0
"Saudi Arabia","No","Asia","EMRO","Middle East and North Africa",2002,38,38,0,0,0,1
"Singapore","No","Asia","WPRO","East Asia and Pacific",2002,2,1,1,0,0,0
"Somalia","Yes","Africa","EMRO","Eastern and Southern Africa",2002,2775,2775,0,159,5.7,180
"South Africa","No","Africa","AFRO","Eastern and Southern Africa",2002,10004,10004,0,32,0.3,171
"Spain","No","Europe","EURO","Western Europe",2002,1,0,1,0,0,0
"Sri Lanka","No","Asia","SEARO","South Asia",2002,9,9,0,1,11.1,0
"Tanzania","Yes","Africa","AFRO","Eastern and Southern Africa",2002,11920,11920,0,297,2.5,206
"Timor-Leste","No","Asia","SEARO","East Asia and Pacific",2002,30,30,0,2,6.7,23
"Togo","Yes","Africa","AFRO","West and Central Africa",2002,257,257,0,14,5.5,32
"Uganda","Yes","Africa","AFRO","Eastern and Southern Africa",2002,2274,2274,0,133,5.9,51
"United Arab Emirates","No","Asia","EMRO","Middle East and North Africa",2002,3,0,3,0,0,0
"USA","No","Americas","PAHO","North Americas",2002,2,0,2,0,0,0
"Zambia","Yes","Africa","AFRO","Eastern and Southern Africa",2002,339,339,0,12,3.5,19
"Zimbabwe","Yes","Africa","AFRO","Eastern and Southern Africa",2002,3125,3125,0,192,6.1,213
"Afghanistan","Yes","Asia","EMRO","South Asia",2001,4499,4499,0,114,2.5,118
"Australia","No","Oceania","WPRO","East Asia and Pacific",2001,4,0,4,0,0,0
"Benin","Yes","Africa","AFRO","West and Central Africa",2001,3943,3943,0,71,1.8,334
"Brazil","No","Americas","PAHO","Americas and Caribbean",2001,7,7,0,0,0,0
"Burkina Faso","Yes","Africa","AFRO","West and Central Africa",2001,477,477,0,7,1.5,23
"Burundi","Yes","Africa","AFRO","Eastern and Southern Africa",2001,1003,1003,0,20,2,87
"Cameroon","Yes","Africa","AFRO","West and Central Africa",2001,259,259,0,7,2.7,10
"Canada","No","Americas","PAHO","North Americas",2001,6,0,6,0,0,0
"Chad","Yes","Africa","AFRO","West and Central Africa",2001,5244,5244,0,226,4.3,329
"China","No","Asia","WPRO","East Asia and Pacific",2001,178,164,14,0,0,0
"Comoros","No","Africa","AFRO","Eastern and Southern Africa",2001,226,226,0,4,1.8,266
"Cote d'Ivoire","Yes","Africa","AFRO","West and Central Africa",2001,5912,5912,0,305,5.2,230
"Dem Rep Congo","Yes","Africa","AFRO","West and Central Africa",2001,5728,5728,0,195,3.4,66
"Ecuador","No","Americas","PAHO","Americas and Caribbean",2001,9,9,0,0,0,1
"Eswatini","No","Africa","AFRO","Eastern and Southern Africa",2001,5612,5612,0,107,1.9,4888
"France","No","Europe","EURO","Western Europe",2001,8,0,8,0,0,0
"Germany","No","Europe","EURO","Western Europe",2001,1,0,1,0,0,0
"Ghana","Yes","Africa","AFRO","West and Central Africa",2001,5487,5487,0,160,2.9,180
"Guatemala","No","Americas","PAHO","Americas and Caribbean",2001,13,13,0,0,0,1
"Guinea","Yes","Africa","AFRO","West and Central Africa",2001,392,392,0,22,5.6,31
"Honduras","No","Americas","PAHO","Americas and Caribbean",2001,1,1,0,0,0,0
"India","Yes","Asia","SEARO","South Asia",2001,4081,4081,0,6,0.2,3
"Iran","Yes","Asia","EMRO","Middle East and North Africa",2001,105,105,0,1,1,1
"Ireland","No","Europe","EURO","Western Europe",2001,1,0,1,0,0,0
"Japan","No","Asia","WPRO","East Asia and Pacific",2001,30,8,22,0,0,0
"Kazakhstan","No","Asia","EURO","Central, Eastern Europe",2001,1,0,1,0,0,0
"Kenya","Yes","Africa","AFRO","Eastern and Southern Africa",2001,1001,1001,0,55,5.5,19
"Korea (Rep of)","No","Asia","WPRO","East Asia and Pacific",2001,138,137,1,0,0,3
"Liberia","Yes","Africa","AFRO","West and Central Africa",2001,1062,1062,0,0,0,215
"Madagascar","No","Africa","AFRO","Eastern and Southern Africa",2001,7219,7219,0,413,5.7,268
"Malawi","Yes","Africa","AFRO","Eastern and Southern Africa",2001,2395,2395,0,42,1.8,129
"Malaysia","Yes","Asia","WPRO","East Asia and Pacific",2001,557,557,0,11,2,17
"Mali","Yes","Africa","AFRO","West and Central Africa",2001,67,67,0,9,13.4,3
"Mexico","No","Americas","PAHO","Americas and Caribbean",2001,1,1,0,0,0,0
"Micronesia","No","Asia","WPRO","East Asia and Pacific",2001,14,14,0,0,0,123
"Mozambique","Yes","Africa","AFRO","Eastern and Southern Africa",2001,8794,8794,0,102,1.2,290
"New Zealand","No","Oceania","WPRO","East Asia and Pacific",2001,1,0,1,0,0,0
"Niger","Yes","Africa","AFRO","West and Central Africa",2001,194,194,0,16,8.3,8
"Nigeria","Yes","Africa","AFRO","West and Central Africa",2001,2199,2199,0,104,4.7,11
"Oman","No","Asia","EMRO","Middle East and North Africa",2001,8,6,2,0,0,1
"Peru","No","Americas","PAHO","Americas and Caribbean",2001,494,494,0,0,0,15
"Philippines","Yes","Asia","WPRO","East Asia and Pacific",2001,174,174,0,0,0,2
"Russian Federation","No","Europe","EURO","Central, Eastern Europe",2001,53,53,0,0,0,0
"Rwanda","No","Africa","AFRO","Eastern and Southern Africa",2001,157,157,0,2,1.3,12
"Singapore","No","Asia","WPRO","East Asia and Pacific",2001,8,8,0,0,0,1
"Somalia","Yes","Africa","EMRO","Eastern and Southern Africa",2001,1821,1821,0,124,6.8,118
"South Africa","No","Africa","AFRO","Eastern and Southern Africa",2001,106151,106151,0,232,0.2,1813
"Spain","No","Europe","EURO","Western Europe",2001,1,0,1,0,0,0
"Tanzania","Yes","Africa","AFRO","Eastern and Southern Africa",2001,1300,1300,0,52,4,22
"Timor-Leste","No","Asia","SEARO","East Asia and Pacific",2001,561,561,0,6,1.1,434
"Togo","Yes","Africa","AFRO","West and Central Africa",2001,2696,2696,0,132,4.9,334
"Uganda","Yes","Africa","AFRO","Eastern and Southern Africa",2001,247,247,0,4,1.6,6
"USA","No","Americas","PAHO","North Americas",2001,4,4,0,0,0,0
"Zambia","Yes","Africa","AFRO","Eastern and Southern Africa",2001,3109,3109,0,165,5.3,174
"Zimbabwe","Yes","Africa","AFRO","Eastern and Southern Africa",2001,650,650,0,14,2.2,44
"Afghanistan","Yes","Asia","EMRO","South Asia",2000,4330,4330,0,198,4.6,114
"Australia","No","Oceania","WPRO","East Asia and Pacific",2000,1,0,1,0,0,0
"Benin","Yes","Africa","AFRO","West and Central Africa",2000,468,468,0,11,2.4,40
"Brazil","No","Americas","PAHO","Americas and Caribbean",2000,715,715,0,17,2.4,3
"Burkina Faso","Yes","Africa","AFRO","West and Central Africa",2000,617,617,0,14,2.3,30
"Burundi","Yes","Africa","AFRO","Eastern and Southern Africa",2000,1021,1021,0,16,1.6,89
"Cameroon","Yes","Africa","AFRO","West and Central Africa",2000,123,123,0,29,23.6,5
"Canada","No","Americas","PAHO","North Americas",2000,5,3,2,0,0,0
"China","No","Asia","WPRO","East Asia and Pacific",2000,1846,1846,0,2,0.1,1
"Comoros","No","Africa","AFRO","Eastern and Southern Africa",2000,3297,3297,0,91,2.8,3875
"Congo","Yes","Africa","AFRO","West and Central Africa",2000,9,9,0,2,22.2,2
"Dem Rep Congo","Yes","Africa","AFRO","West and Central Africa",2000,14995,14995,0,941,6.3,173
"Djibouti","Yes","Africa","EMRO","Middle East and North Africa",2000,1828,1828,0,32,1.8,1878
"Ecuador","No","Americas","PAHO","Americas and Caribbean",2000,27,27,0,1,3.7,2
"El Salvador","No","Americas","PAHO","Americas and Caribbean",2000,631,630,1,2,0.3,97
"Eswatini","No","Africa","AFRO","Eastern and Southern Africa",2000,141,141,0,16,11.4,123
"France","No","Europe","EURO","Western Europe",2000,6,0,6,0,0,0
"Germany","No","Europe","EURO","Western Europe",2000,2,0,2,0,0,0
"Ghana","Yes","Africa","AFRO","West and Central Africa",2000,3331,3331,0,74,2.2,110
"Guam","No","Asia","WPRO","East Asia and Pacific",2000,4,3,1,0,0,18
"Guatemala","No","Americas","PAHO","Americas and Caribbean",2000,612,612,0,6,1,36
"Guinea","Yes","Africa","AFRO","West and Central Africa",2000,517,517,0,36,7,40
"Honduras","No","Americas","PAHO","Americas and Caribbean",2000,15,15,0,3,20,2
"India","Yes","Asia","SEARO","South Asia",2000,3807,3807,0,18,0.5,3
"Iran","Yes","Asia","EMRO","Middle East and North Africa",2000,345,345,0,3,0.9,4
"Iraq","Yes","Asia","EMRO","Middle East and North Africa",2000,532,532,0,4,0.8,14
"Japan","No","Asia","WPRO","East Asia and Pacific",2000,34,32,2,0,0,0
"Kenya","Yes","Africa","AFRO","Eastern and Southern Africa",2000,1157,1157,0,78,6.7,22
"Liberia","Yes","Africa","AFRO","West and Central Africa",2000,365,365,0,10,2.7,74
"Madagascar","No","Africa","AFRO","Eastern and Southern Africa",2000,29083,29083,0,1693,5.8,1078
"Malawi","Yes","Africa","AFRO","Eastern and Southern Africa",2000,2391,2391,0,56,2.3,128
"Malaysia","Yes","Asia","WPRO","East Asia and Pacific",2000,124,124,0,1,0.8,4
"Marshall Islands","No","Oceania","WPRO","East Asia and Pacific",2000,300,300,0,6,2,5103
"Mexico","No","Americas","PAHO","Americas and Caribbean",2000,5,5,0,0,0,0
"Micronesia","No","Asia","WPRO","East Asia and Pacific",2000,3452,3452,0,20,0.6,30330
"Mozambique","Yes","Africa","AFRO","Eastern and Southern Africa",2000,17647,17647,0,253,1.4,581
"Nicaragua","No","Americas","PAHO","Americas and Caribbean",2000,12,12,0,1,8.3,2
"Niger","Yes","Africa","AFRO","West and Central Africa",2000,211,211,0,38,18,9
"Nigeria","Yes","Africa","AFRO","West and Central Africa",2000,2799,2799,0,43,1.5,14
"Oman","No","Asia","EMRO","Middle East and North Africa",2000,3,3,0,0,0,1
"Peru","No","Americas","PAHO","Americas and Caribbean",2000,934,934,0,6,0.6,28
"Philippines","Yes","Asia","WPRO","East Asia and Pacific",2000,213,213,0,6,2.8,2
"Rwanda","No","Africa","AFRO","Eastern and Southern Africa",2000,1235,1235,0,8,0.7,98
"Singapore","No","Asia","WPRO","East Asia and Pacific",2000,10,10,0,0,0,2
"Somalia","Yes","Africa","EMRO","Eastern and Southern Africa",2000,7496,7496,0,563,7.5,485
"South Africa","No","Africa","AFRO","Eastern and Southern Africa",2000,19667,19667,0,68,0.4,336
"Sri Lanka","No","Asia","SEARO","South Asia",2000,2,2,0,0,0,0
"Tanzania","Yes","Africa","AFRO","Eastern and Southern Africa",2000,4637,4637,0,156,3.4,80
"Togo","Yes","Africa","AFRO","West and Central Africa",2000,338,338,0,23,6.8,42
"Uganda","Yes","Africa","AFRO","Eastern and Southern Africa",2000,1595,1595,0,107,6.7,36
"United Kingdom","No","Europe","EURO","Western Europe",2000,33,0,33,0,0,0
"USA","No","Americas","PAHO","North Americas",2000,4,4,0,0,0,0
"Venezuela","No","Americas","PAHO","Americas and Caribbean",2000,141,141,0,4,2.8,5
"Zambia","Yes","Africa","AFRO","Eastern and Southern Africa",2000,2283,2283,0,156,6.8,128
"Zimbabwe","Yes","Africa","AFRO","Eastern and Southern Africa",2000,1675,1675,0,96,5.7,114
